交易日,识别时间,自然小时,板块,方向,龙头代码,龙头小时末时间,首次突破时间,首次突破价格,龙头当日涨跌幅,龙头当日持仓变化幅,当下日K极值,前20日突破价,涨跌幅阈值,增减仓阈值,前20日窗口开始,前20日窗口结束,跟随品种代码,跟随品种小时末时间,跟随品种当日涨跌幅,滞后一小时相关系数,相关样本数,下一实际交易小时时间,下一小时收益率,方向收益,后续是否同向
2018-08-16,2018-08-15 23:59:00,2018-08-15 23:00:00,贵金属,下跌,AU,2018-08-15 23:59:00,2018-08-15 21:04:00,267.0721826242,-0.0033724571,0.0175943147,266.4230251556,267.0727638482,0.0032495610,0.0124347419,2018-07-19 00:00:00,2018-08-15 00:00:00,AG,2018-08-15 23:59:00,-0.0199949053,0.3495043393,180,2018-08-16 00:59:00,0.0008276214,-0.0008276214,False
2018-08-16,2018-08-16 00:59:00,2018-08-16 00:00:00,贵金属,下跌,AU,2018-08-16 00:59:00,2018-08-15 21:04:00,267.0721826242,-0.0033888411,0.0173447499,266.2240384952,267.0727638482,0.0032495610,0.0124347419,2018-07-19 00:00:00,2018-08-15 00:00:00,AG,2018-08-16 00:59:00,-0.0191838321,0.3495043393,180,2018-08-16 01:59:00,-0.0002868401,0.0002868401,True
2018-09-03,2018-09-01 01:00:00,2018-09-01 01:00:00,有色基本金属,下跌,NI,2018-09-01 01:00:00,2018-08-31 21:49:00,107136.6434777540,-0.0212365979,0.1399368485,105078.3337421646,107185.7082051811,0.0212347380,0.0431737526,2018-08-06 00:00:00,2018-08-31 00:00:00,PB,2018-09-01 01:00:00,-0.0011236727,0.3027572830,160,2018-09-03 09:59:00,0.0107405551,-0.0107405551,False
2018-09-03,2018-09-03 11:30:00,2018-09-03 11:00:00,有色基本金属,下跌,NI,2018-09-03 11:30:00,2018-08-31 21:49:00,107136.6434777540,-0.0240967756,0.1106968294,104354.9148473679,107185.7082051811,0.0212347380,0.0431737526,2018-08-06 00:00:00,2018-08-31 00:00:00,PB,2018-09-03 11:30:00,-0.0009676690,0.3027572830,160,2018-09-03 13:59:00,0.0035846140,-0.0035846140,False
2019-08-23,2019-08-23 14:59:00,2019-08-23 14:00:00,油脂油料,上涨,A,2019-08-23 14:59:00,2019-08-22 22:06:00,3489.8793639730,0.0169712742,0.0535851294,3528.4553399263,3488.9565681640,0.0085093110,0.0461945344,2019-07-26 00:00:00,2019-08-22 00:00:00,B,2019-08-23 14:59:00,0.0104936859,0.3089858503,120,2019-08-23 15:00:00,0.0040138809,0.0040138809,True
2019-08-23,2019-08-23 15:00:00,2019-08-23 15:00:00,油脂油料,上涨,A,2019-08-23 15:00:00,2019-08-22 22:06:00,3489.8793639730,0.0170373344,0.0499319941,3528.4553399263,3488.9565681640,0.0085093110,0.0461945344,2019-07-26 00:00:00,2019-08-22 00:00:00,B,2019-08-23 15:00:00,0.0145496873,0.3089858503,120,2019-08-23 21:59:00,-0.0043303203,-0.0043303203,False
2019-09-02,2019-09-02 09:59:00,2019-09-02 09:00:00,油脂油料,上涨,A,2019-09-02 09:59:00,2019-08-30 22:43:00,3601.9072930175,0.0210956932,0.0687200691,3640.5149983313,3585.7986487502,0.0111388906,0.0399770449,2019-08-05 00:00:00,2019-08-30 00:00:00,B,2019-09-02 09:59:00,0.0267313218,0.3017939465,120,2019-09-02 10:59:00,0.0020917648,0.0020917648,True
2019-09-02,2019-09-02 10:59:00,2019-09-02 10:00:00,油脂油料,上涨,A,2019-09-02 10:59:00,2019-08-30 22:43:00,3601.9072930175,0.0204827802,0.0816476068,3651.5904914909,3585.7986487502,0.0111388906,0.0399770449,2019-08-05 00:00:00,2019-08-30 00:00:00,B,2019-09-02 10:59:00,0.0288790022,0.3017939465,120,2019-09-02 11:30:00,0.0012608788,0.0012608788,True
2019-09-02,2019-09-02 11:30:00,2019-09-02 11:00:00,油脂油料,上涨,A,2019-09-02 11:30:00,2019-08-30 22:43:00,3601.9072930175,0.0220646194,0.0810544405,3651.5904914909,3585.7986487502,0.0111388906,0.0399770449,2019-08-05 00:00:00,2019-08-30 00:00:00,B,2019-09-02 11:30:00,0.0301762940,0.3017939465,120,2019-09-02 13:59:00,-0.0008464791,-0.0008464791,False
2019-09-02,2019-09-02 13:59:00,2019-09-02 13:00:00,油脂油料,上涨,A,2019-09-02 13:59:00,2019-08-30 22:43:00,3601.9072930175,0.0207618616,0.0888615567,3651.5904914909,3585.7986487502,0.0111388906,0.0399770449,2019-08-05 00:00:00,2019-08-30 00:00:00,B,2019-09-02 13:59:00,0.0293042713,0.3017939465,120,2019-09-02 14:59:00,0.0018826461,0.0018826461,True
2019-09-02,2019-09-02 14:59:00,2019-09-02 14:00:00,油脂油料,上涨,A,2019-09-02 14:59:00,2019-08-30 22:43:00,3601.9072930175,0.0190839130,0.0777047951,3651.5904914909,3585.7986487502,0.0111388906,0.0399770449,2019-08-05 00:00:00,2019-08-30 00:00:00,B,2019-09-02 14:59:00,0.0312420870,0.3017939465,120,2019-09-02 15:00:00,0.0009598741,0.0009598741,True
2019-09-06,2019-09-06 09:59:00,2019-09-06 09:00:00,油脂油料,下跌,RM,2019-09-06 09:59:00,2019-09-05 21:59:00,2319.8442155529,-0.0212706027,-0.0471185996,2272.8517168605,2320.9389136332,0.0188400387,0.0387010886,2019-08-09 00:00:00,2019-09-05 00:00:00,B,2019-09-06 09:59:00,-0.0327977415,0.4177564969,120,2019-09-06 10:59:00,0.0032898487,-0.0032898487,False
2019-09-06,2019-09-06 11:30:00,2019-09-06 11:00:00,油脂油料,下跌,RM,2019-09-06 11:30:00,2019-09-05 21:59:00,2319.8442155529,-0.0197945431,-0.0530813610,2272.8517168605,2320.9389136332,0.0188400387,0.0387010886,2019-08-09 00:00:00,2019-09-05 00:00:00,B,2019-09-06 11:30:00,-0.0302087874,0.4177564969,120,2019-09-06 13:59:00,0.0021091799,-0.0021091799,False
2019-09-06,2019-09-06 14:59:00,2019-09-06 14:00:00,油脂油料,下跌,RM,2019-09-06 14:59:00,2019-09-05 21:59:00,2319.8442155529,-0.0238127162,-0.0626237461,2272.8517168605,2320.9389136332,0.0188400387,0.0387010886,2019-08-09 00:00:00,2019-09-05 00:00:00,B,2019-09-06 14:59:00,-0.0335009198,0.4177564969,120,2019-09-06 15:00:00,-0.0015061477,0.0015061477,True
2019-09-06,2019-09-06 15:00:00,2019-09-06 15:00:00,油脂油料,下跌,RM,2019-09-06 15:00:00,2019-09-05 21:59:00,2319.8442155529,-0.0229817138,-0.0649478791,2272.8517168605,2320.9389136332,0.0188400387,0.0387010886,2019-08-09 00:00:00,2019-09-05 00:00:00,B,2019-09-06 15:00:00,-0.0349566102,0.4177564969,120,2019-09-06 21:59:00,0.0029879951,-0.0029879951,False
2019-11-04,2019-11-04 09:59:00,2019-11-04 09:00:00,果品,上涨,CJ,2019-11-04 09:59:00,2019-11-04 09:01:00,10843.3393006846,0.0198605425,0.2282904848,11199.9356710905,10760.5575042442,0.0154613618,0.1153405793,2019-09-30 00:00:00,2019-11-01 00:00:00,AP,2019-11-04 09:59:00,0.0102930560,0.4246297855,80,2019-11-04 10:59:00,-0.0004243971,-0.0004243971,False
2019-11-04,2019-11-04 13:59:00,2019-11-04 13:00:00,果品,上涨,CJ,2019-11-04 13:59:00,2019-11-04 09:01:00,10843.3393006846,0.0172210659,0.1717374598,11199.9356710905,10760.5575042442,0.0154613618,0.1153405793,2019-09-30 00:00:00,2019-11-01 00:00:00,AP,2019-11-04 13:59:00,0.0114136725,0.4246297855,80,2019-11-04 14:59:00,-0.0005502047,-0.0005502047,False
2020-02-21,2020-02-21 14:59:00,2020-02-21 14:00:00,煤化工建材,上涨,UR,2020-02-21 14:59:00,2020-02-21 11:08:00,1762.5626659014,0.0235533731,0.1559220933,1795.6424524609,1761.9463496004,0.0124061019,0.0662986144,2020-01-16 00:00:00,2020-02-20 00:00:00,SA,2020-02-21 14:59:00,0.0010700031,0.3757520188,80,2020-02-21 15:00:00,-0.0014948501,-0.0014948501,False
2020-02-26,2020-02-26 13:59:00,2020-02-26 13:00:00,黑色钢矿,下跌,SS,2020-02-26 13:59:00,2020-02-26 09:01:00,12888.6080734862,-0.0160099164,0.1527005353,12749.6369561645,12936.0365875297,0.0136902564,0.0825274849,2020-01-21 00:00:00,2020-02-25 00:00:00,RB,2020-02-26 13:59:00,-0.0044771538,0.4780687163,86,2020-02-26 14:59:00,-0.0006283685,0.0006283685,True
2020-02-26,2020-02-26 13:59:00,2020-02-26 13:00:00,黑色钢矿,下跌,SS,2020-02-26 13:59:00,2020-02-26 09:01:00,12888.6080734862,-0.0160099164,0.1527005353,12749.6369561645,12936.0365875297,0.0136902564,0.0825274849,2020-01-21 00:00:00,2020-02-25 00:00:00,HC,2020-02-26 13:59:00,-0.0063018479,0.3764722795,86,2020-02-26 14:59:00,0.0005217904,-0.0005217904,False
2020-02-26,2020-02-26 14:59:00,2020-02-26 14:00:00,黑色钢矿,下跌,SS,2020-02-26 14:59:00,2020-02-26 09:01:00,12888.6080734862,-0.0223036416,0.2237913725,12662.8026121368,12936.0365875297,0.0136902564,0.0825274849,2020-01-21 00:00:00,2020-02-25 00:00:00,RB,2020-02-26 14:59:00,-0.0051027089,0.4780687163,86,2020-02-26 15:00:00,-0.0010207737,0.0010207737,True
2020-02-26,2020-02-26 14:59:00,2020-02-26 14:00:00,黑色钢矿,下跌,SS,2020-02-26 14:59:00,2020-02-26 09:01:00,12888.6080734862,-0.0223036416,0.2237913725,12662.8026121368,12936.0365875297,0.0136902564,0.0825274849,2020-01-21 00:00:00,2020-02-25 00:00:00,HC,2020-02-26 14:59:00,-0.0057833458,0.3764722795,86,2020-02-26 15:00:00,-0.0001076999,0.0001076999,True
2020-02-26,2020-02-26 15:00:00,2020-02-26 15:00:00,黑色钢矿,下跌,SS,2020-02-26 15:00:00,2020-02-26 09:01:00,12888.6080734862,-0.0231383077,0.2251869441,12657.8004080245,12936.0365875297,0.0136902564,0.0825274849,2020-01-21 00:00:00,2020-02-25 00:00:00,RB,2020-02-26 15:00:00,-0.0061182739,0.4780687163,86,2020-02-27 09:59:00,-0.0055187282,0.0055187282,True
2020-02-26,2020-02-26 15:00:00,2020-02-26 15:00:00,黑色钢矿,下跌,SS,2020-02-26 15:00:00,2020-02-26 09:01:00,12888.6080734862,-0.0231383077,0.2251869441,12657.8004080245,12936.0365875297,0.0136902564,0.0825274849,2020-01-21 00:00:00,2020-02-25 00:00:00,HC,2020-02-26 15:00:00,-0.0058904228,0.3764722795,86,2020-02-27 09:59:00,-0.0063389547,0.0063389547,True
2020-02-28,2020-02-28 14:59:00,2020-02-28 14:00:00,有色基本金属,下跌,AL,2020-02-28 14:59:00,2020-02-28 09:01:00,13404.6155891110,-0.0208597144,0.0416762098,13142.3409659565,13433.5562984083,0.0055032541,0.0339941963,2020-01-23 00:00:00,2020-02-27 00:00:00,CU,2020-02-28 14:59:00,-0.0208476858,0.3432547090,84,2020-02-28 15:00:00,-0.0000108818,0.0000108818,True
2020-02-28,2020-02-28 15:00:00,2020-02-28 15:00:00,有色基本金属,下跌,AL,2020-02-28 15:00:00,2020-02-28 09:01:00,13404.6155891110,-0.0218815513,0.0398602886,13129.3415404785,13433.5562984083,0.0055032541,0.0339941963,2020-01-23 00:00:00,2020-02-27 00:00:00,CU,2020-02-28 15:00:00,-0.0208583407,0.3432547090,84,2020-03-02 09:59:00,0.0131467552,-0.0131467552,False
2020-03-16,2020-03-16 10:59:00,2020-03-16 10:00:00,油脂油料,上涨,M,2020-03-16 10:59:00,2020-03-16 09:39:00,2787.0467692291,0.0223621447,0.0228019097,2794.4388382511,2783.8210644973,0.0146170861,0.0225539849,2020-02-17 00:00:00,2020-03-13 00:00:00,RM,2020-03-16 10:59:00,0.0167971779,0.3539966441,80,2020-03-16 11:30:00,-0.0022003350,-0.0022003350,False
2020-03-16,2020-03-16 10:59:00,2020-03-16 10:00:00,油脂油料,上涨,M,2020-03-16 10:59:00,2020-03-16 09:39:00,2787.0467692291,0.0223621447,0.0228019097,2794.4388382511,2783.8210644973,0.0146170861,0.0225539849,2020-02-17 00:00:00,2020-03-13 00:00:00,B,2020-03-16 10:59:00,0.0253663918,0.3111003185,80,2020-03-16 11:30:00,-0.0006174673,-0.0006174673,False
2020-03-30,2020-03-30 09:59:00,2020-03-30 09:00:00,油脂油料,上涨,B,2020-03-30 09:59:00,2020-03-30 09:02:00,3258.9384967057,0.0293662846,0.1302239761,3353.2577475061,3251.8749618377,0.0222746754,0.0377508737,2020-03-02 00:00:00,2020-03-27 00:00:00,RM,2020-03-30 09:59:00,0.0178929174,0.3191616598,80,2020-03-30 10:59:00,-0.0026516268,-0.0026516268,False
2020-03-30,2020-03-30 09:59:00,2020-03-30 09:00:00,烯烃塑料,下跌,V,2020-03-30 09:59:00,2020-03-30 09:01:00,5213.9424561123,-0.0221514446,-0.0601151678,5150.7624445298,5350.6937009382,0.0185548420,0.0439446957,2020-03-02 00:00:00,2020-03-27 00:00:00,L,2020-03-30 09:59:00,-0.0159581982,0.3072000895,80,2020-03-30 10:59:00,-0.0094202052,0.0094202052,True
2020-03-30,2020-03-30 10:59:00,2020-03-30 10:00:00,油脂油料,上涨,B,2020-03-30 10:59:00,2020-03-30 09:02:00,3258.9384967057,0.0262227890,0.1447426901,3353.2577475061,3251.8749618377,0.0222746754,0.0377508737,2020-03-02 00:00:00,2020-03-27 00:00:00,RM,2020-03-30 10:59:00,0.0151938453,0.3191616598,80,2020-03-30 11:30:00,-0.0001859644,-0.0001859644,False
2020-03-30,2020-03-30 10:59:00,2020-03-30 10:00:00,烯烃塑料,下跌,V,2020-03-30 10:59:00,2020-03-30 09:01:00,5213.9424561123,-0.0278565860,-0.0603111129,5146.0691494815,5350.6937009382,0.0185548420,0.0439446957,2020-03-02 00:00:00,2020-03-27 00:00:00,L,2020-03-30 10:59:00,-0.0252280739,0.3072000895,80,2020-03-30 11:30:00,-0.0008446867,0.0008446867,True
2020-03-30,2020-03-30 11:30:00,2020-03-30 11:00:00,油脂油料,上涨,B,2020-03-30 11:30:00,2020-03-30 09:02:00,3258.9384967057,0.0268000613,0.1572007704,3353.2577475061,3251.8749618377,0.0222746754,0.0377508737,2020-03-02 00:00:00,2020-03-27 00:00:00,RM,2020-03-30 11:30:00,0.0150050554,0.3191616598,80,2020-03-30 13:59:00,-0.0017691053,-0.0017691053,False
2020-03-30,2020-03-30 13:59:00,2020-03-30 13:00:00,烯烃塑料,下跌,V,2020-03-30 13:59:00,2020-03-30 09:01:00,5213.9424561123,-0.0274496008,-0.0714439957,5145.4840675049,5350.6937009382,0.0185548420,0.0439446957,2020-03-02 00:00:00,2020-03-27 00:00:00,L,2020-03-30 13:59:00,-0.0232848492,0.3072000895,80,2020-03-30 14:59:00,-0.0053828479,0.0053828479,True
2020-03-30,2020-03-30 14:59:00,2020-03-30 14:00:00,烯烃塑料,下跌,V,2020-03-30 14:59:00,2020-03-30 09:01:00,5213.9424561123,-0.0315929280,-0.0539249010,5137.9812583555,5350.6937009382,0.0185548420,0.0439446957,2020-03-02 00:00:00,2020-03-27 00:00:00,L,2020-03-30 14:59:00,-0.0285423584,0.3072000895,80,2020-03-30 15:00:00,-0.0006864484,0.0006864484,True
2020-03-30,2020-03-30 15:00:00,2020-03-30 15:00:00,烯烃塑料,下跌,V,2020-03-30 15:00:00,2020-03-30 09:01:00,5213.9424561123,-0.0315936599,-0.0544087655,5137.9812583555,5350.6937009382,0.0185548420,0.0439446957,2020-03-02 00:00:00,2020-03-27 00:00:00,L,2020-03-30 15:00:00,-0.0292092139,0.3072000895,80,2020-03-31 09:59:00,0.0320088727,-0.0320088727,False
2021-01-11,2021-01-11 11:30:00,2021-01-11 11:00:00,有色基本金属,下跌,AL,2021-01-11 11:30:00,2021-01-08 22:42:00,15126.3630727445,-0.0213009746,0.0375657975,15009.0201241815,15129.2249758221,0.0201465109,0.0325446444,2020-12-11 00:00:00,2021-01-08 00:00:00,PB,2021-01-11 11:30:00,-0.0302735293,0.3278790070,156,2021-01-11 13:59:00,0.0009423661,-0.0009423661,False
2021-02-22,2021-02-22 10:59:00,2021-02-22 10:00:00,聚酯产业链,上涨,TA,2021-02-22 10:59:00,2021-02-22 09:10:00,4414.4980505395,0.0247887230,0.0406822465,4442.4472295321,4403.0495756319,0.0145495528,0.0244994075,2021-01-18 00:00:00,2021-02-19 00:00:00,PF,2021-02-22 10:59:00,0.0476548567,0.3013472188,118,2021-02-22 11:30:00,0.0131408287,0.0131408287,True
2021-02-24,2021-02-24 09:59:00,2021-02-24 09:00:00,聚酯产业链,上涨,TA,2021-02-24 09:59:00,2021-02-23 21:15:00,4629.6481290776,0.0268276724,0.0416213486,4733.5286367226,4627.8152908894,0.0193074371,0.0283791060,2021-01-20 00:00:00,2021-02-23 00:00:00,PF,2021-02-24 09:59:00,0.0138902890,0.3411064069,118,2021-02-24 10:59:00,-0.0015161791,-0.0015161791,False
2021-02-24,2021-02-24 10:59:00,2021-02-24 10:00:00,聚酯产业链,上涨,TA,2021-02-24 10:59:00,2021-02-23 21:15:00,4629.6481290776,0.0248931906,0.0376164539,4733.5286367226,4627.8152908894,0.0193074371,0.0283791060,2021-01-20 00:00:00,2021-02-23 00:00:00,PF,2021-02-24 10:59:00,0.0123530497,0.3411064069,118,2021-02-24 11:30:00,0.0020241855,0.0020241855,True
2021-02-24,2021-02-24 11:30:00,2021-02-24 11:00:00,聚酯产业链,上涨,TA,2021-02-24 11:30:00,2021-02-23 21:15:00,4629.6481290776,0.0313242302,0.0383095968,4747.5064009562,4627.8152908894,0.0193074371,0.0283791060,2021-01-20 00:00:00,2021-02-23 00:00:00,PF,2021-02-24 11:30:00,0.0144022400,0.3411064069,118,2021-02-24 13:59:00,0.0022766888,0.0022766888,True
2021-02-24,2021-02-24 13:59:00,2021-02-24 13:00:00,聚酯产业链,上涨,TA,2021-02-24 13:59:00,2021-02-23 21:15:00,4629.6481290776,0.0344718377,0.0336665902,4758.2922239247,4627.8152908894,0.0193074371,0.0283791060,2021-01-20 00:00:00,2021-02-23 00:00:00,PF,2021-02-24 13:59:00,0.0167117183,0.3411064069,118,2021-02-24 14:59:00,-0.0071695080,-0.0071695080,False
2021-07-16,2021-07-16 10:59:00,2021-07-16 10:00:00,有色基本金属,上涨,NI,2021-07-16 10:59:00,2021-07-16 09:36:00,140824.2804627861,0.0276202478,0.1210883253,142614.5476047304,140748.9291611690,0.0228665553,0.0856107993,2021-06-18 00:00:00,2021-07-15 00:00:00,CU,2021-07-16 10:59:00,0.0094455783,0.3118288777,160,2021-07-16 11:30:00,-0.0000743035,-0.0000743035,False
2021-07-16,2021-07-16 11:30:00,2021-07-16 11:00:00,有色基本金属,上涨,NI,2021-07-16 11:30:00,2021-07-16 09:36:00,140824.2804627861,0.0277712730,0.1297936694,143302.9469172017,140748.9291611690,0.0228665553,0.0856107993,2021-06-18 00:00:00,2021-07-15 00:00:00,CU,2021-07-16 11:30:00,0.0093705729,0.3118288777,160,2021-07-16 13:59:00,-0.0030926821,-0.0030926821,False
2021-07-23,2021-07-23 10:59:00,2021-07-23 10:00:00,有色基本金属,上涨,SN,2021-07-23 10:59:00,2021-07-23 10:41:00,233256.2722283541,0.0329551867,0.0864643898,234510.6107707094,233092.7045897525,0.0203238681,0.0646527528,2021-06-25 00:00:00,2021-07-22 00:00:00,NI,2021-07-23 10:59:00,0.0197753607,0.3099743691,160,2021-07-23 11:30:00,-0.0005213481,-0.0005213481,False
2021-07-23,2021-07-23 11:30:00,2021-07-23 11:00:00,有色基本金属,上涨,SN,2021-07-23 11:30:00,2021-07-23 10:41:00,233256.2722283541,0.0311636260,0.0832885458,234510.6107707094,233092.7045897525,0.0203238681,0.0646527528,2021-06-25 00:00:00,2021-07-22 00:00:00,NI,2021-07-23 11:30:00,0.0192437028,0.3099743691,160,2021-07-23 13:59:00,0.0018699561,0.0018699561,True
2021-07-23,2021-07-23 13:59:00,2021-07-23 13:00:00,有色基本金属,上涨,SN,2021-07-23 13:59:00,2021-07-23 10:41:00,233256.2722283541,0.0338131946,0.0953893259,234510.6107707094,233092.7045897525,0.0203238681,0.0646527528,2021-06-25 00:00:00,2021-07-22 00:00:00,NI,2021-07-23 13:59:00,0.0211496438,0.3099743691,160,2021-07-23 14:59:00,0.0008540171,0.0008540171,True
2021-07-23,2021-07-23 14:59:00,2021-07-23 14:00:00,有色基本金属,上涨,SN,2021-07-23 14:59:00,2021-07-23 10:41:00,233256.2722283541,0.0334372728,0.0934838195,234510.6107707094,233092.7045897525,0.0203238681,0.0646527528,2021-06-25 00:00:00,2021-07-22 00:00:00,NI,2021-07-23 14:59:00,0.0220217230,0.3099743691,160,2021-07-23 15:00:00,0.0006731457,0.0006731457,True
2021-07-23,2021-07-23 15:00:00,2021-07-23 15:00:00,有色基本金属,上涨,SN,2021-07-23 15:00:00,2021-07-23 10:41:00,233256.2722283541,0.0339764714,0.0927672188,234510.6107707094,233092.7045897525,0.0203238681,0.0646527528,2021-06-25 00:00:00,2021-07-22 00:00:00,NI,2021-07-23 15:00:00,0.0227096925,0.3099743691,160,2021-07-23 21:59:00,0.0050260744,0.0050260744,True
2021-07-30,2021-07-30 14:59:00,2021-07-30 14:00:00,有色基本金属,上涨,AL,2021-07-30 14:59:00,2021-07-29 21:01:00,19761.3080100166,0.0180092740,0.0726466714,20090.2379383161,19751.0264275151,0.0178820807,0.0568815922,2021-07-02 00:00:00,2021-07-29 00:00:00,CU,2021-07-30 14:59:00,0.0005454902,0.3280831168,160,2021-07-30 15:00:00,0.0002580812,0.0002580812,True
2021-08-17,2021-08-17 13:59:00,2021-08-17 13:00:00,有色基本金属,上涨,AL,2021-08-17 13:59:00,2021-08-17 11:06:00,20420.8024373949,0.0156914772,0.0582499087,20555.4223459519,20396.4821068352,0.0130850281,0.0471841043,2021-07-20 00:00:00,2021-08-16 00:00:00,NI,2021-08-17 13:59:00,0.0000217760,0.3174757393,160,2021-08-17 14:59:00,-0.0030711968,-0.0030711968,False
2021-09-09,2021-09-09 11:30:00,2021-09-09 11:00:00,有色基本金属,上涨,SN,2021-09-09 11:30:00,2021-09-09 11:17:00,248884.5559860225,0.0186447471,0.0679993609,248884.5559860225,248777.1898231109,0.0164339419,0.0601299469,2021-08-12 00:00:00,2021-09-08 00:00:00,PB,2021-09-09 11:30:00,0.0100473282,0.3843647019,160,2021-09-09 13:59:00,-0.0090448046,-0.0090448046,False
2021-09-09,2021-09-09 14:59:00,2021-09-09 14:00:00,有色基本金属,上涨,SN,2021-09-09 14:59:00,2021-09-09 11:17:00,248884.5559860225,0.0218652480,0.0852538243,250453.7187733460,248777.1898231109,0.0164339419,0.0601299469,2021-08-12 00:00:00,2021-09-08 00:00:00,PB,2021-09-09 14:59:00,0.0016663777,0.3843647019,160,2021-09-09 15:00:00,0.0001886319,0.0001886319,True
2021-09-09,2021-09-09 15:00:00,2021-09-09 15:00:00,有色基本金属,上涨,SN,2021-09-09 15:00:00,2021-09-09 11:17:00,248884.5559860225,0.0218479674,0.0848743859,250453.7187733460,248777.1898231109,0.0164339419,0.0601299469,2021-08-12 00:00:00,2021-09-08 00:00:00,PB,2021-09-09 15:00:00,0.0018553239,0.3843647019,160,2021-09-09 21:59:00,0.0088932046,0.0088932046,True
2022-02-24,2022-02-24 14:59:00,2022-02-24 14:00:00,能源油品,上涨,FU,2022-02-24 14:59:00,2022-02-24 11:05:00,3365.2753131108,0.0497476028,0.0818611823,3493.1968747439,3351.2997645075,0.0303146917,0.0476827109,2022-01-20 00:00:00,2022-02-23 00:00:00,PG,2022-02-24 14:59:00,0.0679524493,0.3107072243,118,2022-02-24 15:00:00,0.0005845160,0.0005845160,True
2022-02-24,2022-02-24 15:00:00,2022-02-24 15:00:00,能源油品,上涨,FU,2022-02-24 15:00:00,2022-02-24 11:05:00,3365.2753131108,0.0496939212,0.0809433189,3493.1968747439,3351.2997645075,0.0303146917,0.0476827109,2022-01-20 00:00:00,2022-02-23 00:00:00,PG,2022-02-24 15:00:00,0.0685766846,0.3107072243,118,2022-02-24 21:59:00,0.0013041733,0.0013041733,True
2022-05-23,2022-05-23 10:59:00,2022-05-23 10:00:00,软商品纺织,下跌,CF,2022-05-23 10:59:00,2022-05-23 09:42:00,20964.4801625112,-0.0126563752,0.0810982405,20862.1973061852,20985.3140738920,0.0114722502,0.0336461673,2022-04-20 00:00:00,2022-05-20 00:00:00,CY,2022-05-23 10:59:00,-0.0105776024,0.3300773111,118,2022-05-23 11:30:00,-0.0014733296,0.0014733296,True
2022-05-23,2022-05-23 11:30:00,2022-05-23 11:00:00,软商品纺织,下跌,CF,2022-05-23 11:30:00,2022-05-23 09:42:00,20964.4801625112,-0.0144677929,0.0901666274,20835.4744410345,20985.3140738920,0.0114722502,0.0336461673,2022-04-20 00:00:00,2022-05-20 00:00:00,CY,2022-05-23 11:30:00,-0.0120353477,0.3300773111,118,2022-05-23 13:59:00,0.0026928009,-0.0026928009,False
2022-05-23,2022-05-23 14:59:00,2022-05-23 14:00:00,软商品纺织,下跌,CF,2022-05-23 14:59:00,2022-05-23 09:42:00,20964.4801625112,-0.0119129517,0.0859132543,20829.4056994208,20985.3140738920,0.0114722502,0.0336461673,2022-04-20 00:00:00,2022-05-20 00:00:00,CY,2022-05-23 14:59:00,-0.0096943893,0.3300773111,118,2022-05-23 15:00:00,-0.0027063635,0.0027063635,True
2022-05-23,2022-05-23 15:00:00,2022-05-23 15:00:00,软商品纺织,下跌,CF,2022-05-23 15:00:00,2022-05-23 09:42:00,20964.4801625112,-0.0121295085,0.0858510964,20829.4056994208,20985.3140738920,0.0114722502,0.0336461673,2022-04-20 00:00:00,2022-05-20 00:00:00,CY,2022-05-23 15:00:00,-0.0123745163,0.3300773111,118,2022-05-23 21:59:00,0.0017651168,-0.0017651168,False
2022-06-10,2022-06-10 11:30:00,2022-06-10 11:00:00,聚酯产业链,上涨,TA,2022-06-10 11:30:00,2022-06-10 10:39:00,7597.9232131626,0.0288353104,0.0610738518,7675.9110503026,7591.0282501214,0.0250731264,0.0363284477,2022-05-12 00:00:00,2022-06-09 00:00:00,PF,2022-06-10 11:30:00,0.0201108585,0.3044346766,118,2022-06-10 13:59:00,-0.0113497345,-0.0113497345,False
2024-05-15,2024-05-15 11:30:00,2024-05-15 11:00:00,有色基本金属,上涨,PB,2024-05-15 11:30:00,2024-05-14 21:05:00,18472.2638579196,0.0215428021,0.1650126933,18812.4861410639,18444.9021209741,0.0179520136,0.0460537767,2024-04-12 00:00:00,2024-05-14 00:00:00,NI,2024-05-15 11:30:00,0.0015596515,0.3349590804,156,2024-05-15 13:59:00,-0.0050056836,-0.0050056836,False
2025-01-03,2025-01-03 10:59:00,2025-01-03 10:00:00,黑色钢矿,下跌,HC,2025-01-03 10:59:00,2025-01-03 10:55:00,3381.3690606941,-0.0125648088,0.0305977956,3374.5327080744,3382.6080791048,0.0109466356,0.0219334662,2024-12-05 00:00:00,2025-01-02 00:00:00,SS,2025-01-03 10:59:00,-0.0043100001,0.3546830751,137,2025-01-03 11:30:00,0.0021539070,-0.0021539070,False
2025-01-03,2025-01-03 11:30:00,2025-01-03 11:00:00,黑色钢矿,下跌,HC,2025-01-03 11:30:00,2025-01-03 10:55:00,3381.3690606941,-0.0126287365,0.0435900066,3373.2033047115,3382.6080791048,0.0109466356,0.0219334662,2024-12-05 00:00:00,2025-01-02 00:00:00,SS,2025-01-03 11:30:00,-0.0021653764,0.3546830751,137,2025-01-03 13:59:00,-0.0019872232,0.0019872232,True
2025-01-03,2025-01-03 13:59:00,2025-01-03 13:00:00,黑色钢矿,下跌,HC,2025-01-03 13:59:00,2025-01-03 10:55:00,3381.3690606941,-0.0147492815,0.0578630195,3364.3621098971,3382.6080791048,0.0109466356,0.0219334662,2024-12-05 00:00:00,2025-01-02 00:00:00,SS,2025-01-03 13:59:00,-0.0041482966,0.3546830751,137,2025-01-03 14:59:00,0.0020445798,-0.0020445798,False
2025-01-03,2025-01-03 14:59:00,2025-01-03 14:00:00,黑色钢矿,下跌,HC,2025-01-03 14:59:00,2025-01-03 10:55:00,3381.3690606941,-0.0124978278,0.0636297364,3363.0366467010,3382.6080791048,0.0109466356,0.0219334662,2024-12-05 00:00:00,2025-01-02 00:00:00,SS,2025-01-03 14:59:00,-0.0021121983,0.3546830751,137,2025-01-03 15:00:00,-0.0003289310,0.0003289310,True
2025-01-03,2025-01-03 15:00:00,2025-01-03 15:00:00,黑色钢矿,下跌,HC,2025-01-03 15:00:00,2025-01-03 10:55:00,3381.3690606941,-0.0127502334,0.0631711969,3363.0366467010,3382.6080791048,0.0109466356,0.0219334662,2024-12-05 00:00:00,2025-01-02 00:00:00,SS,2025-01-03 15:00:00,-0.0024404345,0.3546830751,137,2025-01-03 21:59:00,0.0028289484,-0.0028289484,False
2025-06-18,2025-06-18 09:59:00,2025-06-18 09:00:00,聚酯产业链,上涨,PF,2025-06-18 09:59:00,2025-06-17 21:51:00,6611.4077201489,0.0156628383,0.0494833205,6672.7548529631,6606.5978504950,0.0152425477,0.0475632000,2025-05-20 00:00:00,2025-06-17 00:00:00,PR,2025-06-18 09:59:00,0.0156809598,0.3258125306,118,2025-06-18 10:59:00,0.0045841079,0.0045841079,True
2025-06-18,2025-06-18 10:59:00,2025-06-18 10:00:00,烯烃塑料,上涨,PP,2025-06-18 10:59:00,2025-06-17 21:01:00,7139.2481401540,0.0085483032,0.0463160037,7192.5638718975,7135.3559505311,0.0081582484,0.0290199298,2025-05-20 00:00:00,2025-06-17 00:00:00,EB,2025-06-18 10:59:00,0.0186979300,0.3989415254,118,2025-06-18 11:30:00,0.0063572494,0.0063572494,True
2025-06-18,2025-06-18 10:59:00,2025-06-18 10:00:00,烯烃塑料,上涨,PP,2025-06-18 10:59:00,2025-06-17 21:01:00,7139.2481401540,0.0085483032,0.0463160037,7192.5638718975,7135.3559505311,0.0081582484,0.0290199298,2025-05-20 00:00:00,2025-06-17 00:00:00,L,2025-06-18 10:59:00,0.0103281549,0.3617372770,118,2025-06-18 11:30:00,-0.0002859989,-0.0002859989,False
2025-06-18,2025-06-18 10:59:00,2025-06-18 10:00:00,聚酯产业链,上涨,PF,2025-06-18 10:59:00,2025-06-17 21:51:00,6611.4077201489,0.0209179838,0.0550606380,6673.8150201423,6606.5978504950,0.0152425477,0.0475632000,2025-05-20 00:00:00,2025-06-17 00:00:00,PR,2025-06-18 10:59:00,0.0203369509,0.3258125306,118,2025-06-18 11:30:00,0.0007965510,0.0007965510,True
2025-06-18,2025-06-18 11:30:00,2025-06-18 11:00:00,烯烃塑料,上涨,PP,2025-06-18 11:30:00,2025-06-17 21:01:00,7139.2481401540,0.0084799290,0.0521474132,7201.3390182494,7135.3559505311,0.0081582484,0.0290199298,2025-05-20 00:00:00,2025-06-17 00:00:00,EB,2025-06-18 11:30:00,0.0251740468,0.3989415254,118,2025-06-18 13:59:00,0.0002524682,0.0002524682,True
2025-06-18,2025-06-18 11:30:00,2025-06-18 11:00:00,烯烃塑料,上涨,PP,2025-06-18 11:30:00,2025-06-17 21:01:00,7139.2481401540,0.0084799290,0.0521474132,7201.3390182494,7135.3559505311,0.0081582484,0.0290199298,2025-05-20 00:00:00,2025-06-17 00:00:00,L,2025-06-18 11:30:00,0.0100392022,0.3617372770,118,2025-06-18 13:59:00,0.0006738559,0.0006738559,True
2025-06-18,2025-06-18 11:30:00,2025-06-18 11:00:00,聚酯产业链,上涨,PF,2025-06-18 11:30:00,2025-06-17 21:51:00,6611.4077201489,0.0219745012,0.0577841918,6681.6320461197,6606.5978504950,0.0152425477,0.0475632000,2025-05-20 00:00:00,2025-06-17 00:00:00,PR,2025-06-18 11:30:00,0.0211497013,0.3258125306,118,2025-06-18 13:59:00,-0.0036036085,-0.0036036085,False
2025-06-18,2025-06-18 13:59:00,2025-06-18 13:00:00,烯烃塑料,上涨,PP,2025-06-18 13:59:00,2025-06-17 21:01:00,7139.2481401540,0.0091629711,0.0471733677,7201.3390182494,7135.3559505311,0.0081582484,0.0290199298,2025-05-20 00:00:00,2025-06-17 00:00:00,EB,2025-06-18 13:59:00,0.0254328706,0.3989415254,118,2025-06-18 14:59:00,-0.0011433586,-0.0011433586,False
2025-06-18,2025-06-18 13:59:00,2025-06-18 13:00:00,烯烃塑料,上涨,PP,2025-06-18 13:59:00,2025-06-17 21:01:00,7139.2481401540,0.0091629711,0.0471733677,7201.3390182494,7135.3559505311,0.0081582484,0.0290199298,2025-05-20 00:00:00,2025-06-17 00:00:00,L,2025-06-18 13:59:00,0.0107198230,0.3617372770,118,2025-06-18 14:59:00,0.0004077683,0.0004077683,True
2025-06-18,2025-06-18 13:59:00,2025-06-18 13:00:00,聚酯产业链,上涨,PX,2025-06-18 13:59:00,2025-06-18 09:01:00,6982.5446414215,0.0262897270,0.1076363986,7002.8377598855,6936.7574929312,0.0235354709,0.0479995643,2025-05-20 00:00:00,2025-06-17 00:00:00,PR,2025-06-18 13:59:00,0.0174698775,0.3432522160,118,2025-06-18 14:59:00,-0.0005552786,-0.0005552786,False
2025-06-18,2025-06-18 13:59:00,2025-06-18 13:00:00,聚酯产业链,上涨,PX,2025-06-18 13:59:00,2025-06-18 09:01:00,6982.5446414215,0.0262897270,0.1076363986,7002.8377598855,6936.7574929312,0.0235354709,0.0479995643,2025-05-20 00:00:00,2025-06-17 00:00:00,PF,2025-06-18 13:59:00,0.0180695504,0.3314895560,118,2025-06-18 14:59:00,-0.0012663855,-0.0012663855,False
2025-06-18,2025-06-18 14:59:00,2025-06-18 14:00:00,烯烃塑料,上涨,PP,2025-06-18 14:59:00,2025-06-17 21:01:00,7139.2481401540,0.0102068555,0.0582256902,7214.7786287284,7135.3559505311,0.0081582484,0.0290199298,2025-05-20 00:00:00,2025-06-17 00:00:00,EB,2025-06-18 14:59:00,0.0242604332,0.3989415254,118,2025-06-18 15:00:00,0.0005744417,0.0005744417,True
2025-06-18,2025-06-18 14:59:00,2025-06-18 14:00:00,烯烃塑料,上涨,PP,2025-06-18 14:59:00,2025-06-17 21:01:00,7139.2481401540,0.0102068555,0.0582256902,7214.7786287284,7135.3559505311,0.0081582484,0.0290199298,2025-05-20 00:00:00,2025-06-17 00:00:00,L,2025-06-18 14:59:00,0.0111319626,0.3617372770,118,2025-06-18 15:00:00,0.0000306496,0.0000306496,True
2025-06-18,2025-06-18 15:00:00,2025-06-18 15:00:00,烯烃塑料,上涨,PP,2025-06-18 15:00:00,2025-06-17 21:01:00,7139.2481401540,0.0101355625,0.0549363482,7214.7786287284,7135.3559505311,0.0081582484,0.0290199298,2025-05-20 00:00:00,2025-06-17 00:00:00,EB,2025-06-18 15:00:00,0.0248488111,0.3989415254,118,2025-06-18 21:59:00,0.0041952984,0.0041952984,True
2025-06-18,2025-06-18 15:00:00,2025-06-18 15:00:00,烯烃塑料,上涨,PP,2025-06-18 15:00:00,2025-06-17 21:01:00,7139.2481401540,0.0101355625,0.0549363482,7214.7786287284,7135.3559505311,0.0081582484,0.0290199298,2025-05-20 00:00:00,2025-06-17 00:00:00,L,2025-06-18 15:00:00,0.0111629534,0.3617372770,118,2025-06-18 21:59:00,0.0076471128,0.0076471128,True
2025-10-14,2025-10-14 14:59:00,2025-10-14 14:00:00,烯烃塑料,下跌,EB,2025-10-14 14:59:00,2025-10-13 21:01:00,6667.1188795855,-0.0186356314,0.0493275922,6564.1529240032,6685.7030141797,0.0091724703,0.0408905114,2025-09-08 00:00:00,2025-10-13 00:00:00,V,2025-10-14 14:59:00,-0.0061785066,0.3057406825,118,2025-10-14 15:00:00,0.0005860808,-0.0005860808,False
2025-10-14,2025-10-14 15:00:00,2025-10-14 15:00:00,烯烃塑料,下跌,EB,2025-10-14 15:00:00,2025-10-13 21:01:00,6667.1188795855,-0.0189825165,0.0487811779,6564.1529240032,6685.7030141797,0.0091724703,0.0408905114,2025-09-08 00:00:00,2025-10-13 00:00:00,V,2025-10-14 15:00:00,-0.0055960468,0.3057406825,118,2025-10-14 21:59:00,-0.0038461057,0.0038461057,True
2025-10-28,2025-10-28 14:59:00,2025-10-28 14:00:00,有色基本金属,下跌,NI,2025-10-28 14:59:00,2025-10-28 14:45:00,120388.6675302090,-0.0131892088,0.0635762029,120215.2782574638,120544.0508522175,0.0108330667,0.0469776424,2025-09-22 00:00:00,2025-10-27 00:00:00,ZN,2025-10-28 14:59:00,-0.0039102040,0.3019963757,156,2025-10-28 15:00:00,-0.0001582379,0.0001582379,True
2025-10-28,2025-10-28 15:00:00,2025-10-28 15:00:00,有色基本金属,下跌,NI,2025-10-28 15:00:00,2025-10-28 14:45:00,120388.6675302090,-0.0130679105,0.0632161856,120215.2782574638,120544.0508522175,0.0108330667,0.0469776424,2025-09-22 00:00:00,2025-10-27 00:00:00,ZN,2025-10-28 15:00:00,-0.0040678232,0.3019963757,156,2025-10-28 21:59:00,0.0028574065,-0.0028574065,False
2025-11-03,2025-11-03 13:59:00,2025-11-03 13:00:00,有色基本金属,上涨,AL,2025-11-03 13:59:00,2025-10-31 21:02:00,21446.3206390269,0.0088262753,0.0637523616,21578.2499157869,21437.6000270817,0.0082356216,0.0448884928,2025-09-26 00:00:00,2025-10-31 00:00:00,NI,2025-11-03 13:59:00,0.0014813404,0.3095059070,156,2025-11-03 14:59:00,0.0000498705,0.0000498705,True
2025-11-03,2025-11-03 14:59:00,2025-11-03 14:00:00,有色基本金属,上涨,AL,2025-11-03 14:59:00,2025-10-31 21:02:00,21446.3206390269,0.0101169416,0.0805793541,21654.3067856707,21437.6000270817,0.0082356216,0.0448884928,2025-09-26 00:00:00,2025-10-31 00:00:00,NI,2025-11-03 14:59:00,0.0015312848,0.3095059070,156,2025-11-03 15:00:00,0.0001017802,0.0001017802,True
2025-11-03,2025-11-03 15:00:00,2025-11-03 15:00:00,有色基本金属,上涨,AL,2025-11-03 15:00:00,2025-10-31 21:02:00,21446.3206390269,0.0105639029,0.0798768929,21654.3067856707,21437.6000270817,0.0082356216,0.0448884928,2025-09-26 00:00:00,2025-10-31 00:00:00,NI,2025-11-03 15:00:00,0.0016332209,0.3095059070,156,2025-11-03 21:59:00,-0.0019820866,-0.0019820866,False
2025-12-05,2025-12-05 10:59:00,2025-12-05 10:00:00,烯烃塑料,下跌,L,2025-12-05 10:59:00,2025-12-05 10:09:00,6712.9308046039,-0.0122597638,0.0442396155,6702.0630860412,6713.2120408031,0.0087954254,0.0250100256,2025-11-07 00:00:00,2025-12-04 00:00:00,PL,2025-12-05 10:59:00,-0.0119579397,0.3583251338,120,2025-12-05 11:30:00,-0.0017094213,0.0017094213,True
2025-12-05,2025-12-05 11:30:00,2025-12-05 11:00:00,烯烃塑料,下跌,L,2025-12-05 11:30:00,2025-12-05 10:09:00,6712.9308046039,-0.0105577504,0.0442104677,6702.0630860412,6713.2120408031,0.0087954254,0.0250100256,2025-11-07 00:00:00,2025-12-04 00:00:00,PL,2025-12-05 11:30:00,-0.0136469198,0.3583251338,120,2025-12-05 13:59:00,0.0047728680,-0.0047728680,False
2025-12-05,2025-12-05 13:59:00,2025-12-05 13:00:00,烯烃塑料,下跌,L,2025-12-05 13:59:00,2025-12-05 10:09:00,6712.9308046039,-0.0099439250,0.0447708989,6702.0630860412,6713.2120408031,0.0087954254,0.0250100256,2025-11-07 00:00:00,2025-12-04 00:00:00,PL,2025-12-05 13:59:00,-0.0089391867,0.3583251338,120,2025-12-05 14:59:00,-0.0007974798,0.0007974798,True
2025-12-05,2025-12-05 14:59:00,2025-12-05 14:00:00,烯烃塑料,下跌,L,2025-12-05 14:59:00,2025-12-05 10:09:00,6712.9308046039,-0.0127274437,0.0450319035,6701.0558305113,6713.2120408031,0.0087954254,0.0250100256,2025-11-07 00:00:00,2025-12-04 00:00:00,PL,2025-12-05 14:59:00,-0.0097295377,0.3583251338,120,2025-12-05 15:00:00,-0.0003162911,0.0003162911,True
2025-12-05,2025-12-05 15:00:00,2025-12-05 15:00:00,烯烃塑料,下跌,L,2025-12-05 15:00:00,2025-12-05 10:09:00,6712.9308046039,-0.0128697878,0.0455247650,6700.3841132782,6713.2120408031,0.0087954254,0.0250100256,2025-11-07 00:00:00,2025-12-04 00:00:00,PL,2025-12-05 15:00:00,-0.0100427514,0.3583251338,120,2025-12-05 21:59:00,-0.0043316625,0.0043316625,True
2026-02-12,2026-02-12 10:59:00,2026-02-12 10:00:00,煤化工建材,上涨,UR,2026-02-12 10:59:00,2026-02-12 10:07:00,1823.3540946699,0.0145446455,0.0596127935,1832.4553374546,1822.5692292285,0.0093581200,0.0313448962,2026-01-15 00:00:00,2026-02-11 00:00:00,FG,2026-02-12 10:59:00,0.0028599692,0.3173976707,80,2026-02-12 11:30:00,0.0010963875,0.0010963875,True
2026-02-12,2026-02-12 11:30:00,2026-02-12 11:00:00,煤化工建材,上涨,UR,2026-02-12 11:30:00,2026-02-12 10:07:00,1823.3540946699,0.0189455680,0.0497968677,1832.4553374546,1822.5692292285,0.0093581200,0.0313448962,2026-01-15 00:00:00,2026-02-11 00:00:00,FG,2026-02-12 11:30:00,0.0039594924,0.3173976707,80,2026-02-12 13:59:00,0.0001651560,0.0001651560,True
2026-02-12,2026-02-12 13:59:00,2026-02-12 13:00:00,煤化工建材,上涨,UR,2026-02-12 13:59:00,2026-02-12 10:07:00,1823.3540946699,0.0216936631,0.0673794655,1832.4553374546,1822.5692292285,0.0093581200,0.0313448962,2026-01-15 00:00:00,2026-02-11 00:00:00,FG,2026-02-12 13:59:00,0.0041253023,0.3173976707,80,2026-02-12 14:59:00,-0.0078889601,-0.0078889601,False
2026-03-19,2026-03-19 13:59:00,2026-03-19 13:00:00,新能源材料,下跌,PS,2026-03-19 13:59:00,2026-03-19 09:01:00,40102.4638506624,-0.0370569962,-0.0278721958,38965.2346925397,40669.8550778013,0.0336333441,0.0223296778,2026-02-11 00:00:00,2026-03-18 00:00:00,LC,2026-03-19 13:59:00,-0.0254824370,0.3368892674,80,2026-03-19 14:59:00,-0.0070970029,0.0070970029,True
2026-03-19,2026-03-19 14:59:00,2026-03-19 14:00:00,新能源材料,下跌,PS,2026-03-19 14:59:00,2026-03-19 09:01:00,40102.4638506624,-0.0392810293,-0.0626711007,38176.1777293596,40669.8550778013,0.0336333441,0.0223296778,2026-02-11 00:00:00,2026-03-18 00:00:00,LC,2026-03-19 14:59:00,-0.0323985909,0.3368892674,80,2026-03-19 15:00:00,-0.0017922178,0.0017922178,True
2026-03-19,2026-03-19 15:00:00,2026-03-19 15:00:00,新能源材料,下跌,PS,2026-03-19 15:00:00,2026-03-19 09:01:00,40102.4638506624,-0.0397499174,-0.0645267974,38176.1777293596,40669.8550778013,0.0336333441,0.0223296778,2026-02-11 00:00:00,2026-03-18 00:00:00,LC,2026-03-19 15:00:00,-0.0341327434,0.3368892674,80,2026-03-20 09:59:00,0.0296302700,-0.0296302700,False
2026-04-22,2026-04-22 13:59:00,2026-04-22 13:00:00,黑色钢矿,上涨,HC,2026-04-22 13:59:00,2026-04-22 10:06:00,3372.1734565118,0.0065126647,0.0394091670,3379.4339255546,3370.3414646051,0.0062764559,0.0177555158,2026-03-24 00:00:00,2026-04-21 00:00:00,I,2026-04-22 13:59:00,0.0028821419,0.3202969798,118,2026-04-22 14:59:00,0.0008246256,0.0008246256,True
2026-04-22,2026-04-22 14:59:00,2026-04-22 14:00:00,黑色钢矿,上涨,HC,2026-04-22 14:59:00,2026-04-22 10:06:00,3372.1734565118,0.0083257833,0.0552148962,3386.4379336642,3370.3414646051,0.0062764559,0.0177555158,2026-03-24 00:00:00,2026-04-21 00:00:00,I,2026-04-22 14:59:00,0.0037091442,0.3202969798,118,2026-04-22 15:00:00,-0.0008933624,-0.0008933624,False
2026-04-22,2026-04-22 15:00:00,2026-04-22 15:00:00,黑色钢矿,上涨,HC,2026-04-22 15:00:00,2026-04-22 10:06:00,3372.1734565118,0.0080111038,0.0547257550,3387.3268502975,3370.3414646051,0.0062764559,0.0177555158,2026-03-24 00:00:00,2026-04-21 00:00:00,I,2026-04-22 15:00:00,0.0028124682,0.3202969798,118,2026-04-22 21:59:00,-0.0013877852,-0.0013877852,False
