交易日,龙头品种,跟涨品种,板块,识别时间,开多时间,开多价,平多时间,平多价,税前收益率,净收益率
2018-02-12,RM,M,油脂油料,2018-02-12 14:59:00,2018-02-12 15:00:00,2833.6587461813137,2018-02-12 15:00:00,2833.4159770427,-8.567338566822791e-05,-8.567338566822791e-05
2018-02-26,CS,C,谷物淀粉,2018-02-26 09:59:00,2018-02-26 10:00:00,1819.748431181737,2018-02-26 15:00:00,1812.5242391279,-0.003969885029188158,-0.003969885029188158
2018-03-02,CS,C,谷物淀粉,2018-03-02 11:30:00,2018-03-02 13:31:00,1822.6238820731628,2018-03-02 15:00:00,1815.8486894007,-0.003717274166711859,-0.003717274166711859
2018-03-02,RM,M,油脂油料,2018-03-02 11:30:00,2018-03-02 13:31:00,3117.990756412599,2018-03-02 15:00:00,3102.5811405197,-0.004942162147596685,-0.004942162147596685
2018-03-30,M,RM,油脂油料,2018-03-30 11:30:00,2018-03-30 13:31:00,2560.801363333385,2018-03-30 15:00:00,2560.4406593257,-0.0001408559105168239,-0.0001408559105168239
2018-04-09,RM,M,油脂油料,2018-04-09 11:30:00,2018-04-09 13:31:00,3373.349282918004,2018-04-09 15:00:00,3326.7157151846,-0.013824114795804698,-0.013824114795804698
2018-04-19,AG,AU,贵金属,2018-04-18 21:59:00,2018-04-18 22:00:00,275.95093748973846,2018-04-19 15:00:00,276.0196822302,0.00024911943074679144,0.00024911943074679144
2018-05-02,RB,HC,黑色钢矿,2018-05-02 14:59:00,2018-05-02 15:00:00,3805.385660962756,2018-05-02 15:00:00,3801.4494370605,-0.0010343823866882929,-0.0010343823866882929
2018-05-02,PP,L,烯烃塑料,2018-05-02 09:59:00,2018-05-02 10:00:00,9400.493013619229,2018-05-02 15:00:00,9410.3811631523,0.001051875632346766,0.001051875632346766
2018-07-30,PP,L,烯烃塑料,2018-07-30 11:30:00,2018-07-30 13:31:00,9457.85389651312,2018-07-30 15:00:00,9422.844260324,-0.003701646966869143,-0.003701646966869143
2018-07-31,CF,CY,软商品纺织,2018-07-30 21:59:00,2018-07-30 22:00:00,25494.420731707323,2018-07-31 15:00:00,25621.4259160913,0.00498168543308064,0.00498168543308064
2018-08-07,BU,SC,能源油品,2018-08-06 21:59:00,2018-08-06 22:00:00,525.9940202935672,2018-08-07 15:00:00,536.6662384225,0.02028961873554458,0.02028961873554458
2018-08-08,C,CS,谷物淀粉,2018-08-08 13:59:00,2018-08-08 14:00:00,2349.0556771927763,2018-08-08 15:00:00,2347.7081133089,-0.0005736619599782111,-0.0005736619599782111
2018-08-08,A,M,油脂油料,2018-08-08 14:59:00,2018-08-08 15:00:00,3236.4986214973324,2018-08-08 15:00:00,3237.08199696,0.00018024894520052293,0.00018024894520052293
2018-08-20,HC,RB,黑色钢矿,2018-08-20 13:59:00,2018-08-20 14:00:00,4413.728348973355,2018-08-20 15:00:00,4427.5073140675,0.003121842579494105,0.003121842579494105
2018-08-27,CY,CF,软商品纺织,2018-08-27 09:59:00,2018-08-27 10:00:00,17107.93085362234,2018-08-27 15:00:00,17249.9819659706,0.008303231616007212,0.008303231616007212
2018-09-10,A,B,油脂油料,2018-09-10 13:59:00,2018-09-10 14:00:00,3427.6064121769027,2018-09-10 15:00:00,3432.9700838933,0.0015648446966787244,0.0015648446966787244
2018-09-10,A,M,油脂油料,2018-09-10 13:59:00,2018-09-10 14:00:00,3102.4997196370177,2018-09-10 15:00:00,3084.4687710674,-0.005811748653994142,-0.005811748653994142
2018-09-12,SC,FU,能源油品,2018-09-12 10:59:00,2018-09-12 11:00:00,3211.900841310423,2018-09-12 15:00:00,3179.4131830986,-0.0101147762079008,-0.0101147762079008
2018-09-25,M,B,油脂油料,2018-09-25 10:59:00,2018-09-25 11:00:00,3433.918997517683,2018-09-25 15:00:00,3425.281041194,-0.0025154805136425873,-0.0025154805136425873
2018-09-25,SC,FU,能源油品,2018-09-25 13:59:00,2018-09-25 14:00:00,3263.0054415422887,2018-09-25 15:00:00,3261.4699221285,-0.00047058438647984424,-0.00047058438647984424
2018-09-25,M,RM,油脂油料,2018-09-25 10:59:00,2018-09-25 11:00:00,2408.890965722281,2018-09-25 15:00:00,2411.1647423359,0.0009439101420420926,0.0009439101420420926
2018-09-25,FU,SC,能源油品,2018-09-25 09:59:00,2018-09-25 10:00:00,548.2735417738894,2018-09-25 15:00:00,549.0442169388,0.0014056398972255302,0.0014056398972255302
2018-10-09,FU,SC,能源油品,2018-10-09 10:59:00,2018-10-09 11:00:00,584.457592237568,2018-10-09 15:00:00,592.7561383573,0.014198713867265234,0.014198713867265234
2018-12-10,AU,AG,贵金属,2018-12-10 11:30:00,2018-12-10 13:31:00,3574.707917595962,2018-12-10 15:00:00,3579.6826978303,0.001391660619277646,0.001391660619277646
2018-12-10,AG,AU,贵金属,2018-12-10 09:59:00,2018-12-10 10:00:00,282.4173366902651,2018-12-10 15:00:00,282.8250928389,0.0014438070743585385,0.0014438070743585385
2019-01-31,JM,J,煤焦,2019-01-31 13:59:00,2019-01-31 14:00:00,2052.0909257278004,2019-01-31 15:00:00,2055.1189248299,0.0014755677071307538,0.0014755677071307538
2019-02-11,RB,HC,黑色钢矿,2019-02-11 09:59:00,2019-02-11 10:00:00,3716.6179437139217,2019-02-11 15:00:00,3678.4495677056,-0.010269652836627285,-0.010269652836627285
2019-05-16,RM,M,油脂油料,2019-05-15 21:59:00,2019-05-15 22:00:00,2727.698129116702,2019-05-16 15:00:00,2726.9049768889,-0.00029077712791447663,-0.00029077712791447663
2019-05-21,RB,HC,黑色钢矿,2019-05-21 14:59:00,2019-05-21 15:00:00,3738.583890254821,2019-05-21 15:00:00,3733.6117894573,-0.001329942283890384,-0.001329942283890384
2019-05-21,RM,M,油脂油料,2019-05-21 09:59:00,2019-05-21 10:00:00,2796.816650794284,2019-05-21 15:00:00,2785.9920282635,-0.003870336844465694,-0.003870336844465694
2019-06-20,AG,AU,贵金属,2019-06-20 13:59:00,2019-06-20 14:00:00,310.8455930018799,2019-06-20 15:00:00,310.9203926885,0.00024063293256881835,0.00024063293256881835
2019-06-24,HC,RB,黑色钢矿,2019-06-24 09:59:00,2019-06-24 10:00:00,3863.662190166197,2019-06-24 15:00:00,3819.3967860597,-0.01145685153820164,-0.01145685153820164
2019-07-11,FU,SC,能源油品,2019-07-11 09:59:00,2019-07-11 10:00:00,458.6792403730885,2019-07-11 15:00:00,461.8527563444,0.006918813174823901,0.006918813174823901
2019-08-13,M,B,油脂油料,2019-08-13 10:59:00,2019-08-13 11:00:00,3341.1469495502547,2019-08-13 15:00:00,3324.6720392484,-0.004930914608252235,-0.004930914608252235
2019-08-13,M,RM,油脂油料,2019-08-13 10:59:00,2019-08-13 11:00:00,2433.884055080508,2019-08-13 15:00:00,2425.652029075,-0.0033822588994427694,-0.0033822588994427694
2019-11-05,RU,NR,橡胶,2019-11-05 09:59:00,2019-11-05 10:00:00,10187.922615476906,2019-11-05 15:00:00,10279.0271979005,0.008942410132286804,0.008942410132286804
2019-11-14,RB,HC,黑色钢矿,2019-11-14 11:30:00,2019-11-14 13:31:00,3401.3793550604964,2019-11-14 15:00:00,3429.2782696529,0.008202235528623314,0.008202235528623314
2019-11-20,RU,NR,橡胶,2019-11-20 10:59:00,2019-11-20 11:00:00,10761.02126302828,2019-11-20 15:00:00,10767.8958437766,0.000638840922277284,0.000638840922277284
2019-12-04,AU,AG,贵金属,2019-12-03 22:59:00,2019-12-03 23:00:00,4226.66987418693,2019-12-04 15:00:00,4268.513448569,0.009899891788950788,0.009899891788950788
2019-12-05,RU,NR,橡胶,2019-12-05 13:59:00,2019-12-05 14:00:00,11178.743557522446,2019-12-05 15:00:00,11225.8488635335,0.0042138283044659275,0.0042138283044659275
2019-12-27,CF,CY,软商品纺织,2019-12-27 09:59:00,2019-12-27 10:00:00,21683.400000000005,2019-12-27 15:00:00,21641.6477422762,-0.0019255401700750685,-0.0019255401700750685
2019-12-30,CF,CY,软商品纺织,2019-12-30 09:59:00,2019-12-30 10:00:00,22185.475793981208,2019-12-30 15:00:00,22103.5596933187,-0.003692330127295751,-0.003692330127295751
2020-01-16,C,CS,谷物淀粉,2020-01-16 14:59:00,2020-01-16 15:00:00,2308.6307494533976,2020-01-16 15:00:00,2310.6602457689,0.0008790909139466674,0.0008790909139466674
2020-02-06,JM,J,煤焦,2020-02-06 14:59:00,2020-02-06 15:00:00,1791.0650663320716,2020-02-06 15:00:00,1791.8910547093,0.0004611716194766746,0.0004611716194766746
2020-02-11,JM,J,煤焦,2020-02-11 13:59:00,2020-02-11 14:00:00,1846.72519625134,2020-02-11 15:00:00,1853.2410114741,0.003528307966982114,0.003528307966982114
2020-03-02,M,B,油脂油料,2020-03-02 10:59:00,2020-03-02 11:00:00,3047.98977139058,2020-03-02 15:00:00,3067.6901860329,0.006463412320879325,0.006463412320879325
2020-03-02,M,RM,油脂油料,2020-03-02 10:59:00,2020-03-02 11:00:00,2344.477529718759,2020-03-02 15:00:00,2365.9226917352,0.009147096418967715,0.009147096418967715
2020-03-10,C,CS,谷物淀粉,2020-03-10 10:59:00,2020-03-10 11:00:00,2266.7957153542043,2020-03-10 15:00:00,2260.6185236678,-0.002725076478909294,-0.002725076478909294
2020-03-23,RM,B,油脂油料,2020-03-23 10:59:00,2020-03-23 11:00:00,3198.0785521339817,2020-03-23 15:00:00,3217.6013012941,0.006104524589332305,0.006104524589332305
2020-03-23,RM,M,油脂油料,2020-03-23 10:59:00,2020-03-23 11:00:00,2919.202726580972,2020-03-23 15:00:00,2921.7138757704,0.0008602174719016809,0.0008602174719016809
2020-05-15,AG,AU,贵金属,2020-05-15 13:59:00,2020-05-15 14:00:00,390.9155140309306,2020-05-15 15:00:00,391.3966084382,0.0012306864015414476,0.0012306864015414476
2020-06-01,PP,L,烯烃塑料,2020-06-01 14:59:00,2020-06-01 15:00:00,6674.591841220992,2020-06-01 15:00:00,6679.3200494091,0.0007083891121113517,0.0007083891121113517
2020-06-05,RU,NR,橡胶,2020-06-05 09:59:00,2020-06-05 10:00:00,8966.170663600526,2020-06-05 15:00:00,9014.0355255907,0.0053383839975842395,0.0053383839975842395
2020-06-16,L,PP,烯烃塑料,2020-06-16 11:30:00,2020-06-16 13:31:00,7410.45819306742,2020-06-16 15:00:00,7398.7793932446,-0.001575988895497149,-0.001575988895497149
2020-07-01,M,RM,油脂油料,2020-07-01 10:59:00,2020-07-01 11:00:00,2349.138214499936,2020-07-01 15:00:00,2351.8317247879,0.0011465950667943758,0.0011465950667943758
2020-07-06,L,PP,烯烃塑料,2020-07-06 14:59:00,2020-07-06 15:00:00,7683.662639535457,2020-07-06 15:00:00,7684.0011003746,4.404941432523124e-05,4.404941432523124e-05
2020-07-09,CS,C,谷物淀粉,2020-07-09 14:59:00,2020-07-09 15:00:00,2149.94038716547,2020-07-09 15:00:00,2150.0321734144,4.269246230181878e-05,4.269246230181878e-05
2020-07-20,CS,C,谷物淀粉,2020-07-20 09:59:00,2020-07-20 10:00:00,2174.4030642750936,2020-07-20 15:00:00,2171.3138599267,-0.0014207137577887385,-0.0014207137577887385
2020-07-20,RM,M,油脂油料,2020-07-20 13:59:00,2020-07-20 14:00:00,2884.3477469167087,2020-07-20 15:00:00,2890.0299305596,0.0019700064421723784,0.0019700064421723784
2020-07-21,AG,AU,贵金属,2020-07-21 10:59:00,2020-07-21 11:00:00,402.984455055043,2020-07-21 15:00:00,404.5385752012,0.003856526291925455,0.003856526291925455
2020-07-22,CF,CY,软商品纺织,2020-07-22 13:59:00,2020-07-22 14:00:00,19503.958358773965,2020-07-22 15:00:00,19235.6703214553,-0.01375556860733207,-0.01375556860733207
2020-07-23,CS,C,谷物淀粉,2020-07-23 09:59:00,2020-07-23 10:00:00,2192.357319047592,2020-07-23 15:00:00,2209.9352494457,0.008017821841990846,0.008017821841990846
2020-07-23,C,CS,谷物淀粉,2020-07-23 13:59:00,2020-07-23 14:00:00,2624.712546953698,2020-07-23 15:00:00,2629.4734850729,0.0018138893437025239,0.0018138893437025239
2020-07-27,RM,M,油脂油料,2020-07-24 22:59:00,2020-07-24 23:00:00,2992.390781729352,2020-07-27 15:00:00,2966.1362608965,-0.008773760764521188,-0.008773760764521188
2020-08-05,AU,AG,贵金属,2020-08-05 02:30:00,2020-08-05 09:01:00,6136.377881401537,2020-08-05 15:00:00,6175.039489869,0.006300395642947709,0.006300395642947709
2020-08-05,AG,AU,贵金属,2020-08-05 01:59:00,2020-08-05 02:00:00,440.3992198935042,2020-08-05 15:00:00,444.659556659,0.009673806339906665,0.009673806339906665
2020-08-06,NR,RU,橡胶,2020-08-06 14:59:00,2020-08-06 15:00:00,12041.477903759458,2020-08-06 15:00:00,12047.4584002477,0.0004966580129150966,0.0004966580129150966
2020-08-24,RU,NR,橡胶,2020-08-24 14:59:00,2020-08-24 15:00:00,9620.789605316437,2020-08-24 15:00:00,9641.5001310054,0.0021526846068349315,0.0021526846068349315
2020-09-02,L,PP,烯烃塑料,2020-09-02 10:59:00,2020-09-02 11:00:00,8046.470138621687,2020-09-02 15:00:00,8063.2696672239,0.0020878134527062553,0.0020878134527062553
2020-09-07,C,CS,谷物淀粉,2020-09-07 14:59:00,2020-09-07 15:00:00,2655.811078282518,2020-09-07 15:00:00,2655.7136252342,-3.6694269827663994e-05,-3.6694269827663994e-05
2020-09-10,CS,C,谷物淀粉,2020-09-10 10:59:00,2020-09-10 11:00:00,2377.129458650156,2020-09-10 15:00:00,2380.4049044795,0.0013778996416982103,0.0013778996416982103
2020-09-11,RM,M,油脂油料,2020-09-11 11:30:00,2020-09-11 13:31:00,2984.2360673455587,2020-09-11 15:00:00,3009.8900308195,0.008596492668477174,0.008596492668477174
2020-09-11,M,RM,油脂油料,2020-09-11 13:59:00,2020-09-11 14:00:00,2403.6707316596967,2020-09-11 15:00:00,2418.4133125348,0.006133361229940126,0.006133361229940126
2020-09-14,B,M,油脂油料,2020-09-14 09:59:00,2020-09-14 10:00:00,3080.004638655543,2020-09-14 15:00:00,3054.728377274,-0.008206566011074723,-0.008206566011074723
2020-09-14,B,RM,油脂油料,2020-09-14 09:59:00,2020-09-14 10:00:00,2477.543176879075,2020-09-14 15:00:00,2449.2156483238,-0.011433717409905508,-0.011433717409905508
2020-10-09,M,B,油脂油料,2020-10-09 10:59:00,2020-10-09 11:00:00,3779.1973269948494,2020-10-09 15:00:00,3772.4720907631,-0.0017795409050781474,-0.0017795409050781474
2020-10-09,CF,CY,软商品纺织,2020-10-09 10:59:00,2020-10-09 11:00:00,19825.4008097166,2020-10-09 15:00:00,19992.2266448139,0.0084147522009006,0.0084147522009006
2020-10-09,RU,NR,橡胶,2020-10-09 09:59:00,2020-10-09 10:00:00,9615.448871383123,2020-10-09 15:00:00,9685.819112628,0.007318456182977329,0.007318456182977329
2020-10-09,M,RM,油脂油料,2020-10-09 10:59:00,2020-10-09 11:00:00,2433.9996193397938,2020-10-09 15:00:00,2441.909286736,0.0032496584359991143,0.0032496584359991143
2020-10-12,RM,B,油脂油料,2020-10-12 11:30:00,2020-10-12 13:31:00,3817.7136031204286,2020-10-12 15:00:00,3830.5823096784,0.0033707888793579333,0.0033707888793579333
2020-10-12,CF,CY,软商品纺织,2020-10-12 09:59:00,2020-10-12 10:00:00,20646.538461538457,2020-10-12 15:00:00,20731.2786901969,0.004104331039137765,0.004104331039137765
2020-10-12,RM,M,油脂油料,2020-10-12 11:30:00,2020-10-12 13:31:00,3185.5274363080093,2020-10-12 15:00:00,3185.2745201649,-7.939537428769405e-05,-7.939537428769405e-05
2020-10-16,RU,NR,橡胶,2020-10-16 14:59:00,2020-10-16 15:00:00,10172.225792914567,2020-10-16 15:00:00,10170.2701210354,-0.00019225604297223864,-0.00019225604297223864
2020-10-19,CY,CF,软商品纺织,2020-10-19 09:59:00,2020-10-19 10:00:00,15239.527386667203,2020-10-19 15:00:00,14974.4736627049,-0.01739251600375702,-0.01739251600375702
2020-10-20,RU,NR,橡胶,2020-10-20 14:59:00,2020-10-20 15:00:00,10715.079015143714,2020-10-20 15:00:00,10772.6989801174,0.005377465242417001,0.005377465242417001
2020-11-02,PP,L,烯烃塑料,2020-11-02 13:59:00,2020-11-02 14:00:00,7388.257409251973,2020-11-02 15:00:00,7432.7678878876,0.00602448942559719,0.00602448942559719
2020-11-05,RM,B,油脂油料,2020-11-05 10:59:00,2020-11-05 11:00:00,3873.442130556668,2020-11-05 15:00:00,3869.718050712,-0.0009614393914109121,-0.0009614393914109121
2020-11-05,RM,M,油脂油料,2020-11-05 10:59:00,2020-11-05 11:00:00,3201.266277453882,2020-11-05 15:00:00,3209.1064446265,0.0024490831105912214,0.0024490831105912214
2020-11-13,L,PP,烯烃塑料,2020-11-13 11:30:00,2020-11-13 13:31:00,8188.996861796791,2020-11-13 15:00:00,8179.1625301572,-0.0012009201866310937,-0.0012009201866310937
2020-11-17,RB,HC,黑色钢矿,2020-11-17 14:59:00,2020-11-17 15:00:00,3994.313962736043,2020-11-17 15:00:00,3994.0166446144,-7.443534094131454e-05,-7.443534094131454e-05
2020-11-18,PP,L,烯烃塑料,2020-11-18 11:30:00,2020-11-18 13:31:00,7763.482611427827,2020-11-18 15:00:00,7743.7691741649,-0.0025392518087061777,-0.0025392518087061777
2020-11-23,PP,L,烯烃塑料,2020-11-23 11:30:00,2020-11-23 13:31:00,7881.6469091436975,2020-11-23 15:00:00,7901.3952353861,0.0025056091030279948,0.0025056091030279948
2020-11-30,CS,C,谷物淀粉,2020-11-30 10:59:00,2020-11-30 11:00:00,2659.7119064818503,2020-11-30 15:00:00,2658.5591213872,-0.0004334247975659178,-0.0004334247975659178
2020-12-21,RM,B,油脂油料,2020-12-21 14:59:00,2020-12-21 15:00:00,3935.344383290638,2020-12-21 15:00:00,3935.5432317955,5.052887002898743e-05,5.052887002898743e-05
2020-12-21,RM,M,油脂油料,2020-12-21 14:59:00,2020-12-21 15:00:00,3299.343591798815,2020-12-21 15:00:00,3302.2623291056,0.0008846418160388669,0.0008846418160388669
2020-12-30,RM,M,油脂油料,2020-12-30 10:59:00,2020-12-30 11:00:00,3375.9620296667485,2020-12-30 15:00:00,3374.0386851405,-0.0005697174640433289,-0.0005697174640433289
2020-12-31,M,RM,油脂油料,2020-12-31 14:59:00,2020-12-31 15:00:00,2867.954922285201,2020-12-31 15:00:00,2877.6231213269,0.003371112623344663,0.003371112623344663
2021-01-11,CS,C,谷物淀粉,2021-01-11 09:59:00,2021-01-11 10:00:00,2863.508754392796,2021-01-11 15:00:00,2830.0698001423,-0.011677615512506678,-0.011677615512506678
2021-01-13,RM,M,油脂油料,2021-01-13 09:59:00,2021-01-13 10:00:00,3765.212047273228,2021-01-13 15:00:00,3771.7132737857,0.0017266561433586514,0.0017266561433586514
2021-02-01,AG,AU,贵金属,2021-02-01 09:59:00,2021-02-01 10:00:00,389.1903414494032,2021-02-01 15:00:00,392.7587505055,0.009168801678909988,0.009168801678909988
2021-02-08,PF,TA,聚酯产业链,2021-02-08 09:59:00,2021-02-08 10:00:00,4230.205479289153,2021-02-08 15:00:00,4192.4417217133,-0.008927168611724157,-0.008927168611724157
2021-02-18,RU,NR,橡胶,2021-02-18 14:59:00,2021-02-18 15:00:00,11176.910175639556,2021-02-18 15:00:00,11187.1832760596,0.0009191359918445663,0.0009191359918445663
2021-02-18,L,PP,烯烃塑料,2021-02-18 10:59:00,2021-02-18 11:00:00,8674.538215947188,2021-02-18 15:00:00,8764.0854129677,0.010322992969918454,0.010322992969918454
2021-02-18,L,V,烯烃塑料,2021-02-18 10:59:00,2021-02-18 11:00:00,7913.865083660421,2021-02-18 15:00:00,7988.4833367959,0.0094288002571008,0.0094288002571008
2021-02-22,CU,ZN,有色基本金属,2021-02-22 09:59:00,2021-02-22 10:00:00,21900.960555376325,2021-02-22 15:00:00,21950.6532046634,0.0022689712244092775,0.0022689712244092775
2021-02-23,SC,BU,能源油品,2021-02-23 09:59:00,2021-02-23 10:00:00,3134.751867083287,2021-02-23 15:00:00,3142.1961923967,0.002374773388472251,0.002374773388472251
2021-02-23,SC,FU,能源油品,2021-02-23 09:59:00,2021-02-23 10:00:00,2438.9861160274377,2021-02-23 15:00:00,2446.574766171,0.003111395384211013,0.003111395384211013
2021-02-23,SC,LU,能源油品,2021-02-23 09:59:00,2021-02-23 10:00:00,3300.706447100204,2021-02-23 15:00:00,3298.1306717265,-0.000780370934218233,-0.000780370934218233
2021-02-25,CF,CY,软商品纺织,2021-02-25 13:59:00,2021-02-25 14:00:00,24428.012418541744,2021-02-25 15:00:00,24086.2371198014,-0.013991121867979905,-0.013991121867979905
2021-02-25,RU,NR,橡胶,2021-02-24 22:59:00,2021-02-24 23:00:00,13078.096670460498,2021-02-25 15:00:00,13071.7683206781,-0.00048388920359421217,-0.00048388920359421217
2021-04-23,SM,SF,铁合金,2021-04-23 13:59:00,2021-04-23 14:00:00,7568.874572850929,2021-04-23 15:00:00,7578.0831476922,0.0012166372625992405,0.0012166372625992405
2021-05-06,AG,AU,贵金属,2021-05-06 13:59:00,2021-05-06 14:00:00,376.8585909760787,2021-05-06 15:00:00,377.0708376331,0.0005631997308899184,0.0005631997308899184
2021-05-06,RM,M,油脂油料,2021-05-06 13:59:00,2021-05-06 14:00:00,3657.057789767954,2021-05-06 15:00:00,3645.1531155363,-0.003255260079554123,-0.003255260079554123
2021-05-07,RM,B,油脂油料,2021-05-07 10:59:00,2021-05-07 11:00:00,4434.060365485874,2021-05-07 15:00:00,4402.8088221069,-0.0070480644833417205,-0.0070480644833417205
2021-05-07,RM,M,油脂油料,2021-05-07 10:59:00,2021-05-07 11:00:00,3739.7563200920968,2021-05-07 15:00:00,3689.1554214035,-0.013530533638445918,-0.013530533638445918
2021-05-12,JM,J,煤焦,2021-05-12 13:59:00,2021-05-12 14:00:00,2914.2861328124995,2021-05-12 15:00:00,2865.384310941,-0.016780034506874486,-0.016780034506874486
2021-05-12,B,M,油脂油料,2021-05-12 13:59:00,2021-05-12 14:00:00,3755.870666171052,2021-05-12 15:00:00,3742.5827051076,-0.003537917634687582,-0.003537917634687582
2021-05-12,B,RM,油脂油料,2021-05-12 13:59:00,2021-05-12 14:00:00,3154.2716684042707,2021-05-12 15:00:00,3148.9777255184,-0.001678340816011259,-0.001678340816011259
2021-05-12,SF,SM,铁合金,2021-05-12 14:59:00,2021-05-12 15:00:00,7685.882029873488,2021-05-12 15:00:00,7642.201209543,-0.00568325407034731,-0.00568325407034731
2021-05-18,AG,AU,贵金属,2021-05-18 09:59:00,2021-05-18 10:00:00,391.849504737192,2021-05-18 15:00:00,390.8934781525,-0.002439780000061953,-0.002439780000061953
2021-06-25,TA,PF,聚酯产业链,2021-06-25 13:59:00,2021-06-25 14:00:00,7382.53201449289,2021-06-25 15:00:00,7346.6385992005,-0.0048619383189841825,-0.0048619383189841825
2021-07-02,CF,CY,软商品纺织,2021-07-01 21:59:00,2021-07-01 22:00:00,23985.381228522336,2021-07-02 15:00:00,24070.2446675031,0.0035381317550144953,0.0035381317550144953
2021-07-22,CY,CF,软商品纺织,2021-07-22 09:59:00,2021-07-22 10:00:00,16899.87540011254,2021-07-22 15:00:00,17111.18692613,0.012503732779950205,0.012503732779950205
2021-07-23,CY,CF,软商品纺织,2021-07-23 10:59:00,2021-07-23 11:00:00,17261.085379241733,2021-07-23 15:00:00,17279.698129758,0.0010783070767177438,0.0010783070767177438
2021-07-27,CY,CF,软商品纺织,2021-07-27 09:59:00,2021-07-27 10:00:00,17549.519832558588,2021-07-27 15:00:00,17553.2745310485,0.00021394878753011604,0.00021394878753011604
2021-07-29,HC,RB,黑色钢矿,2021-07-29 14:59:00,2021-07-29 15:00:00,5750.245335249335,2021-07-29 15:00:00,5755.5684978667,0.0009257279136829499,0.0009257279136829499
2021-09-06,AG,AU,贵金属,2021-09-03 23:59:00,2021-09-04 00:00:00,381.6503912162222,2021-09-06 15:00:00,381.1538638961,-0.0013010004222447913,-0.0013010004222447913
2021-09-13,FU,LU,能源油品,2021-09-13 10:59:00,2021-09-13 11:00:00,3525.0990835070606,2021-09-13 15:00:00,3522.135198498,-0.0008407948085565886,-0.0008407948085565886
2021-09-13,FU,SC,能源油品,2021-09-13 10:59:00,2021-09-13 11:00:00,457.8670132367078,2021-09-13 15:00:00,458.8518173853,0.0021508519288833128,0.0021508519288833128
2021-09-15,PP,L,烯烃塑料,2021-09-15 13:59:00,2021-09-15 14:00:00,8812.150720699157,2021-09-15 15:00:00,8969.3004461253,0.017833299770623423,0.017833299770623423
2021-09-27,CF,CY,软商品纺织,2021-09-27 09:59:00,2021-09-27 10:00:00,25719.95756325851,2021-09-27 15:00:00,25691.223999337,-0.00111716995842015,-0.00111716995842015
2021-09-30,CF,CY,软商品纺织,2021-09-30 14:59:00,2021-09-30 15:00:00,27258.991571342565,2021-09-30 15:00:00,27325.9572546659,0.0024566456593990704,0.0024566456593990704
2021-10-08,SC,FU,能源油品,2021-10-08 10:59:00,2021-10-08 11:00:00,3188.5628474809423,2021-10-08 15:00:00,3194.4306216871,0.0018402567196671438,0.0018402567196671438
2021-10-08,SC,LU,能源油品,2021-10-08 10:59:00,2021-10-08 11:00:00,3887.277061781856,2021-10-08 15:00:00,3871.6091279214,-0.004030567827155052,-0.004030567827155052
2021-10-15,CF,CY,软商品纺织,2021-10-15 13:59:00,2021-10-15 14:00:00,30490.699458483752,2021-10-15 15:00:00,30442.8802104411,-0.0015683224357565528,-0.0015683224357565528
2021-10-19,RU,NR,橡胶,2021-10-19 10:59:00,2021-10-19 11:00:00,12385.090567439423,2021-10-19 15:00:00,12222.9138536897,-0.013094511733009684,-0.013094511733009684
2021-11-11,AG,AU,贵金属,2021-11-10 22:59:00,2021-11-10 23:00:00,384.864248046592,2021-11-11 15:00:00,384.5538667779,-0.0008064694766203306,-0.0008064694766203306
2022-01-13,SF,SM,铁合金,2022-01-13 09:59:00,2022-01-13 10:00:00,8738.915959480213,2022-01-13 15:00:00,8546.2505662551,-0.02204682984919948,-0.02204682984919948
2022-01-21,SA,FG,煤化工建材,2022-01-21 13:59:00,2022-01-21 14:00:00,2182.9731696736626,2022-01-21 15:00:00,2194.218433619,0.005151352339808346,0.005151352339808346
2022-02-07,LU,FU,能源油品,2022-02-07 09:59:00,2022-02-07 10:00:00,3345.2092001158726,2022-02-07 15:00:00,3306.0724329813,-0.011699348170277957,-0.011699348170277957
2022-02-07,PP,L,烯烃塑料,2022-02-07 09:59:00,2022-02-07 10:00:00,9416.513741928096,2022-02-07 15:00:00,9439.9689874215,0.002490862981377795,0.002490862981377795
2022-02-07,L,PP,烯烃塑料,2022-02-07 11:30:00,2022-02-07 13:31:00,8981.288773338703,2022-02-07 15:00:00,8937.4044973137,-0.004886189179806211,-0.004886189179806211
2022-02-07,FG,SA,煤化工建材,2022-02-07 09:59:00,2022-02-07 10:00:00,2985.290552712869,2022-02-07 15:00:00,2974.0394033183,-0.003768862425918451,-0.003768862425918451
2022-02-07,LU,SC,能源油品,2022-02-07 09:59:00,2022-02-07 10:00:00,568.847811457793,2022-02-07 15:00:00,566.1862136821,-0.00467892768871192,-0.00467892768871192
2022-02-07,PP,V,烯烃塑料,2022-02-07 09:59:00,2022-02-07 10:00:00,9203.199963555691,2022-02-07 15:00:00,9257.8655915514,0.005939850075211028,0.005939850075211028
2022-02-14,SC,FU,能源油品,2022-02-14 09:59:00,2022-02-14 10:00:00,3310.3885855389,2022-02-14 15:00:00,3288.1670718301,-0.006712660201244058,-0.006712660201244058
2022-02-14,SC,LU,能源油品,2022-02-14 09:59:00,2022-02-14 10:00:00,4416.541348253273,2022-02-14 15:00:00,4411.8666306278,-0.0010584566648111915,-0.0010584566648111915
2022-03-02,SC,FU,能源油品,2022-03-02 09:59:00,2022-03-02 10:00:00,3582.491621782147,2022-03-02 15:00:00,3579.9024291311,-0.0007227351587661968,-0.0007227351587661968
2022-03-02,SC,LU,能源油品,2022-03-02 09:59:00,2022-03-02 10:00:00,4775.730480059249,2022-03-02 15:00:00,4787.0918041927,0.0023789709618013966,0.0023789709618013966
2022-03-07,AG,AU,贵金属,2022-03-07 09:59:00,2022-03-07 10:00:00,406.5810050820985,2022-03-07 15:00:00,403.6618637952,-0.00717972864056704,-0.00717972864056704
2022-03-07,SF,SM,铁合金,2022-03-07 13:59:00,2022-03-07 14:00:00,8711.295957097138,2022-03-07 15:00:00,8674.6571085524,-0.004205901019226466,-0.004205901019226466
2022-03-09,L,PP,烯烃塑料,2022-03-08 22:59:00,2022-03-08 23:00:00,9659.849058976106,2022-03-09 15:00:00,9649.414245347,-0.0010802253291328778,-0.0010802253291328778
2022-05-12,TA,PF,聚酯产业链,2022-05-11 22:59:00,2022-05-11 23:00:00,8381.006260562299,2022-05-12 15:00:00,8267.8669917025,-0.013499485066869266,-0.013499485066869266
2022-06-06,TA,PF,聚酯产业链,2022-06-06 10:59:00,2022-06-06 11:00:00,8682.457423460672,2022-06-06 15:00:00,8637.3600952729,-0.005194074210593369,-0.005194074210593369
2022-06-09,RU,NR,橡胶,2022-06-09 09:59:00,2022-06-09 10:00:00,11815.31379385487,2022-06-09 15:00:00,11655.2085907061,-0.013550651801735536,-0.013550651801735536
2022-08-05,ZN,CU,有色基本金属,2022-08-05 13:59:00,2022-08-05 14:00:00,60045.734962261566,2022-08-05 15:00:00,60047.3321932847,2.660024103517955e-05,2.660024103517955e-05
2022-08-15,CF,CY,软商品纺织,2022-08-15 09:59:00,2022-08-15 10:00:00,22898.089622641503,2022-08-15 15:00:00,22590.353621946,-0.013439374452933195,-0.013439374452933195
2022-08-23,RM,M,油脂油料,2022-08-23 09:59:00,2022-08-23 10:00:00,3924.103112196367,2022-08-23 15:00:00,3920.9179101109,-0.0008117019340209142,-0.0008117019340209142
2022-09-13,RM,M,油脂油料,2022-09-13 10:59:00,2022-09-13 11:00:00,4076.192131572997,2022-09-13 15:00:00,4093.8951504536,0.004343028569109952,0.004343028569109952
2022-09-27,RU,NR,橡胶,2022-09-26 21:59:00,2022-09-26 22:00:00,9970.19382109778,2022-09-27 15:00:00,10023.9681819831,0.005393512087149999,0.005393512087149999
2022-10-10,JM,J,煤焦,2022-10-10 14:59:00,2022-10-10 15:00:00,2895.248556729829,2022-10-10 15:00:00,2890.2617091112,-0.0017224246971947466,-0.0017224246971947466
2022-10-10,J,JM,煤焦,2022-10-10 11:30:00,2022-10-10 13:31:00,2161.116779066261,2022-10-10 15:00:00,2172.1012945245,0.005082795878798008,0.005082795878798008
2022-10-10,L,PP,烯烃塑料,2022-10-10 11:30:00,2022-10-10 13:31:00,8194.57596979594,2022-10-10 15:00:00,8187.5471696058,-0.0008577381204405432,-0.0008577381204405432
2022-12-09,RB,HC,黑色钢矿,2022-12-09 13:59:00,2022-12-09 14:00:00,4039.2331753969615,2022-12-09 15:00:00,4035.6173118862,-0.0008951856339430853,-0.0008951856339430853
2022-12-09,RB,I,黑色钢矿,2022-12-09 13:59:00,2022-12-09 14:00:00,826.0493282276951,2022-12-09 15:00:00,820.515435863,-0.006699227486290926,-0.006699227486290926
2022-12-12,PP,L,烯烃塑料,2022-12-12 13:59:00,2022-12-12 14:00:00,8229.809687475336,2022-12-12 15:00:00,8149.0687894215,-0.009810785561264246,-0.009810785561264246
2022-12-26,RM,M,油脂油料,2022-12-26 10:59:00,2022-12-26 11:00:00,3985.568740881001,2022-12-26 15:00:00,3965.71383385,-0.004981699807945605,-0.004981699807945605
2023-01-17,RU,NR,橡胶,2023-01-17 09:59:00,2023-01-17 10:00:00,10103.929805058166,2023-01-17 15:00:00,10132.378542411,0.00281561114355644,0.00281561114355644
2023-01-18,TA,PF,聚酯产业链,2023-01-18 13:59:00,2023-01-18 14:00:00,7547.115597413285,2023-01-18 15:00:00,7514.6307240557,-0.004304276638974369,-0.004304276638974369
2023-03-13,AU,AG,贵金属,2023-03-13 09:59:00,2023-03-13 10:00:00,4900.454617798448,2023-03-13 15:00:00,4917.999171265,0.0035801889487618865,0.0035801889487618865
2023-03-14,AU,AG,贵金属,2023-03-14 14:59:00,2023-03-14 15:00:00,5060.140341736652,2023-03-14 15:00:00,5061.1326950789,0.000196111822050149,0.000196111822050149
2023-03-24,TA,PF,聚酯产业链,2023-03-24 14:59:00,2023-03-24 15:00:00,7335.111715078421,2023-03-24 15:00:00,7339.8966395858,0.0006523315108537542,0.0006523315108537542
2023-04-17,SN,ZN,有色基本金属,2023-04-17 10:59:00,2023-04-17 11:00:00,22328.83860889848,2023-04-17 15:00:00,22401.6374239215,0.003260304590763985,0.003260304590763985
2023-04-25,NR,RU,橡胶,2023-04-24 22:59:00,2023-04-24 23:00:00,12186.94045191156,2023-04-25 15:00:00,12017.6433127095,-0.013891685109161611,-0.013891685109161611
2023-05-04,AU,AG,贵金属,2023-05-04 14:59:00,2023-05-04 15:00:00,5768.858116257949,2023-05-04 15:00:00,5775.1563303386,0.0010917609609604195,0.0010917609609604195
2023-06-01,CF,CY,软商品纺织,2023-06-01 14:59:00,2023-06-01 15:00:00,23297.89659863945,2023-06-01 15:00:00,23332.3727891156,0.0014797984157146615,0.0014797984157146615
2023-06-16,B,M,油脂油料,2023-06-16 10:59:00,2023-06-16 11:00:00,3641.35026400934,2023-06-16 15:00:00,3634.9287714436,-0.0017634921389489966,-0.0017634921389489966
2023-07-06,RU,NR,橡胶,2023-07-06 14:59:00,2023-07-06 15:00:00,9721.104324250196,2023-07-06 15:00:00,9738.204418141,0.0017590690646274165,0.0017590690646274165
2023-07-11,CF,CY,软商品纺织,2023-07-11 14:59:00,2023-07-11 15:00:00,23950.33360678151,2023-07-11 15:00:00,23979.9152310637,0.0012351236841983138,0.0012351236841983138
2023-07-18,JM,J,煤焦,2023-07-18 10:59:00,2023-07-18 11:00:00,2227.603439391988,2023-07-18 15:00:00,2236.9613533563,0.004200888631625599,0.004200888631625599
2023-07-25,HC,RB,黑色钢矿,2023-07-25 09:59:00,2023-07-25 10:00:00,3850.6192505937806,2023-07-25 15:00:00,3848.5537122813,-0.0005364171781363503,-0.0005364171781363503
2023-07-28,IF,IM,金融期货,2023-07-28 13:59:00,2023-07-28 14:00:00,6461.000763249838,2023-07-28 15:00:00,6455.7930237495,-0.0008060267582631342,-0.0008060267582631342
2023-07-28,TA,PF,聚酯产业链,2023-07-28 14:59:00,2023-07-28 15:00:00,7513.439256482783,2023-07-28 15:00:00,7513.3416688961,-1.2988404291536249e-05,-1.2988404291536249e-05
2023-08-02,SF,SM,铁合金,2023-08-02 10:59:00,2023-08-02 11:00:00,6926.217970641638,2023-08-02 15:00:00,6875.290074535,-0.007352915591525955,-0.007352915591525955
2023-08-17,B,M,油脂油料,2023-08-17 13:59:00,2023-08-17 14:00:00,3946.023651038573,2023-08-17 15:00:00,3935.698230904,-0.0026166645331321403,-0.0026166645331321403
2023-08-18,PP,L,烯烃塑料,2023-08-18 09:59:00,2023-08-18 10:00:00,8266.268533305472,2023-08-18 15:00:00,8311.2601954598,0.005442801909114392,0.005442801909114392
2023-08-18,PP,V,烯烃塑料,2023-08-18 09:59:00,2023-08-18 10:00:00,6225.277501877185,2023-08-18 15:00:00,6221.0449149442,-0.000679903334704135,-0.000679903334704135
2023-08-21,FU,SC,能源油品,2023-08-21 09:59:00,2023-08-21 10:00:00,648.3972199700422,2023-08-21 15:00:00,647.6933453633,-0.001085560802951635,-0.001085560802951635
2023-09-01,JM,J,煤焦,2023-09-01 11:30:00,2023-09-01 13:31:00,2318.156381276256,2023-09-01 15:00:00,2320.2316288825,0.0008952146727483346,0.0008952146727483346
2023-09-05,BR,NR,橡胶,2023-09-04 22:59:00,2023-09-04 23:00:00,10599.727499386903,2023-09-05 15:00:00,10460.0110063665,-0.013181140083882825,-0.013181140083882825
2023-09-05,BR,RU,橡胶,2023-09-04 22:59:00,2023-09-04 23:00:00,14001.30159203104,2023-09-05 15:00:00,13939.2149178298,-0.004434350177599078,-0.004434350177599078
2023-09-07,NR,RU,橡胶,2023-09-07 14:59:00,2023-09-07 15:00:00,14196.02256062787,2023-09-07 15:00:00,14242.781753252,0.003293823493477399,0.003293823493477399
2023-09-12,TA,PF,聚酯产业链,2023-09-12 14:59:00,2023-09-12 15:00:00,7815.88257518801,2023-09-12 15:00:00,7825.4245938545,0.0012208497984325106,0.0012208497984325106
2023-11-15,RB,HC,黑色钢矿,2023-11-14 22:59:00,2023-11-14 23:00:00,4027.816298848772,2023-11-15 15:00:00,3996.6549046326,-0.007736548021089917,-0.007736548021089917
2023-11-16,JM,J,煤焦,2023-11-16 13:59:00,2023-11-16 14:00:00,2664.9465198718385,2023-11-16 15:00:00,2672.481589213,0.0028274748798799987,0.0028274748798799987
2023-11-24,J,JM,煤焦,2023-11-24 14:59:00,2023-11-24 15:00:00,2074.928434679144,2023-11-24 15:00:00,2079.0911687347,0.002006206086909934,0.002006206086909934
2023-12-29,NR,RU,橡胶,2023-12-28 22:59:00,2023-12-28 23:00:00,14152.324991444217,2023-12-29 15:00:00,14169.4706050166,0.001211505076568642,0.001211505076568642
2024-01-02,PG,BU,能源油品,2024-01-02 11:30:00,2024-01-02 13:31:00,3742.0020852701887,2024-01-02 15:00:00,3743.5570543876,0.00041554469558757745,0.00041554469558757745
2024-02-22,NR,RU,橡胶,2024-02-22 11:30:00,2024-02-22 13:31:00,13809.890505078358,2024-02-22 15:00:00,13805.3360549845,-0.00032979624944762254,-0.00032979624944762254
2024-03-08,B,M,油脂油料,2024-03-08 14:59:00,2024-03-08 15:00:00,3245.074501156478,2024-03-08 15:00:00,3247.9504311754,0.0008862446818700409,0.0008862446818700409
2024-03-08,RU,NR,橡胶,2024-03-08 14:59:00,2024-03-08 15:00:00,11919.502796666831,2024-03-08 15:00:00,11922.476191641,0.0002494562923380794,0.0002494562923380794
2024-03-15,RU,NR,橡胶,2024-03-15 13:59:00,2024-03-15 14:00:00,12206.830935078686,2024-03-15 15:00:00,12333.6355531746,0.010388004779480875,0.010388004779480875
2024-03-18,BR,NR,橡胶,2024-03-18 09:59:00,2024-03-18 10:00:00,12901.059903274572,2024-03-18 15:00:00,12787.9587058323,-0.008766814377287324,-0.008766814377287324
2024-04-10,ZN,NI,有色基本金属,2024-04-10 00:59:00,2024-04-10 01:00:00,139971.23560492517,2024-04-10 15:00:00,140041.0966280362,0.0004991098550293227,0.0004991098550293227
2024-04-19,PP,L,烯烃塑料,2024-04-19 09:59:00,2024-04-19 10:00:00,8522.384269683522,2024-04-19 15:00:00,8461.6182214065,-0.007130169956450327,-0.007130169956450327
2024-04-19,FU,LU,能源油品,2024-04-19 10:59:00,2024-04-19 11:00:00,4704.412361603429,2024-04-19 15:00:00,4574.6328536797,-0.02758676279804184,-0.02758676279804184
2024-04-19,L,PP,烯烃塑料,2024-04-19 10:59:00,2024-04-19 11:00:00,7695.41637815991,2024-04-19 15:00:00,7644.0547418891,-0.006674315429711863,-0.006674315429711863
2024-04-19,FU,SC,能源油品,2024-04-19 10:59:00,2024-04-19 11:00:00,662.9739585233837,2024-04-19 15:00:00,649.2657173521,-0.02067689235006387,-0.02067689235006387
2024-04-22,SM,SF,铁合金,2024-04-22 10:59:00,2024-04-22 11:00:00,6841.830337874878,2024-04-22 15:00:00,6828.9563928216,-0.0018816521921056761,-0.0018816521921056761
2024-05-06,RB,HC,黑色钢矿,2024-05-06 14:59:00,2024-05-06 15:00:00,3872.572772902939,2024-05-06 15:00:00,3874.6093469416,0.0005258969057757579,0.0005258969057757579
2024-05-06,RB,I,黑色钢矿,2024-05-06 14:59:00,2024-05-06 15:00:00,890.7557650463223,2024-05-06 15:00:00,890.9705887301,0.0002411701301383573,0.0002411701301383573
2024-05-06,B,M,油脂油料,2024-05-06 10:59:00,2024-05-06 11:00:00,3469.450883002992,2024-05-06 15:00:00,3461.8074967038,-0.0022030536119238553,-0.0022030536119238553
2024-05-07,M,B,油脂油料,2024-05-06 23:00:00,2024-05-07 09:01:00,4123.874105802673,2024-05-07 15:00:00,4125.1107476572,0.0002998738135062684,0.0002998738135062684
2024-05-07,B,M,油脂油料,2024-05-07 09:59:00,2024-05-07 10:00:00,3555.8018585090576,2024-05-07 15:00:00,3573.8721859848,0.0050819275636802,0.0050819275636802
2024-05-07,M,RM,油脂油料,2024-05-06 23:00:00,2024-05-07 09:01:00,2898.725395039254,2024-05-07 15:00:00,2892.645199001,-0.0020975412326602605,-0.0020975412326602605
2024-05-17,NI,AL,有色基本金属,2024-05-17 13:59:00,2024-05-17 14:00:00,20897.62563323665,2024-05-17 15:00:00,20966.9692734693,0.0033182544969301286,0.0033182544969301286
2024-05-20,AU,AG,贵金属,2024-05-20 13:59:00,2024-05-20 14:00:00,8209.264072359281,2024-05-20 15:00:00,8209.2604783776,-4.377958424672812e-07,-4.377958424672812e-07
2024-05-20,AG,AU,贵金属,2024-05-18 01:59:00,2024-05-18 02:00:00,572.8806732232149,2024-05-20 15:00:00,580.2928500034,0.012938430508541598,0.012938430508541598
2024-05-24,V,PP,烯烃塑料,2024-05-23 21:59:00,2024-05-23 22:00:00,7747.719841342602,2024-05-24 15:00:00,7753.3840870658,0.000731085511503915,0.000731085511503915
2024-05-24,NR,RU,橡胶,2024-05-24 10:59:00,2024-05-24 11:00:00,15327.97897241155,2024-05-24 15:00:00,15200.1018548048,-0.008342725276235918,-0.008342725276235918
2024-05-28,NR,RU,橡胶,2024-05-28 10:59:00,2024-05-28 11:00:00,15594.962543924006,2024-05-28 15:00:00,15350.9076651204,-0.015649596984681047,-0.015649596984681047
2024-05-30,NR,RU,橡胶,2024-05-29 22:59:00,2024-05-29 23:00:00,15917.834132575035,2024-05-30 15:00:00,15869.1742161834,-0.003056943299343362,-0.003056943299343362
2024-06-07,BR,RU,橡胶,2024-06-06 22:59:00,2024-06-06 23:00:00,16082.781570372588,2024-06-07 15:00:00,16220.1357364206,0.008540448394887212,0.008540448394887212
2024-06-12,BR,NR,橡胶,2024-06-12 14:59:00,2024-06-12 15:00:00,13408.215513382487,2024-06-12 15:00:00,13387.9912331822,-0.0015083498754999702,-0.0015083498754999702
2024-06-12,BR,RU,橡胶,2024-06-12 14:59:00,2024-06-12 15:00:00,16014.219843591954,2024-06-12 15:00:00,16009.4260456054,-0.0002993463330324131,-0.0002993463330324131
2024-06-19,PB,CU,有色基本金属,2024-06-19 11:30:00,2024-06-19 13:31:00,79017.61858834674,2024-06-19 15:00:00,79215.8414176399,0.0025085902718204878,0.0025085902718204878
2024-06-24,PF,PX,聚酯产业链,2024-06-24 11:30:00,2024-06-24 13:31:00,8540.87474705311,2024-06-24 15:00:00,8568.3043256441,0.0032115654898758894,0.0032115654898758894
2024-06-24,PF,TA,聚酯产业链,2024-06-24 13:59:00,2024-06-24 14:00:00,5938.900170612205,2024-06-24 15:00:00,5943.4833616123,0.0007717238661080206,0.0007717238661080206
2024-07-03,TA,PX,聚酯产业链,2024-07-03 14:59:00,2024-07-03 15:00:00,8760.661704547132,2024-07-03 15:00:00,8761.5404722874,0.00010030837508656631,0.00010030837508656631
2024-09-13,AU,AG,贵金属,2024-09-12 22:59:00,2024-09-12 23:00:00,7325.821632537075,2024-09-13 15:00:00,7429.8235021012,0.014196615039357319,0.014196615039357319
2024-09-18,RU,NR,橡胶,2024-09-18 09:59:00,2024-09-18 10:00:00,13943.450474627394,2024-09-18 15:00:00,13814.7536189102,-0.009229914500100356,-0.009229914500100356
2024-09-24,RU,BR,橡胶,2024-09-24 14:59:00,2024-09-24 15:00:00,15822.836131185564,2024-09-24 15:00:00,15845.9568088928,0.0014612220916367935,0.0014612220916367935
2024-09-24,RU,NR,橡胶,2024-09-24 14:59:00,2024-09-24 15:00:00,14229.557263423578,2024-09-24 15:00:00,14267.6483347465,0.0026768978554823075,0.0026768978554823075
2024-11-07,B,M,油脂油料,2024-11-07 09:59:00,2024-11-07 10:00:00,2979.555175878317,2024-11-07 15:00:00,2981.5002657767,0.0006528121761697481,0.0006528121761697481
2024-12-03,RU,NR,橡胶,2024-12-03 14:59:00,2024-12-03 15:00:00,15280.655075292563,2024-12-03 15:00:00,15266.2250558595,-0.0009443325146704096,-0.0009443325146704096
2025-01-09,PX,PF,聚酯产业链,2025-01-09 11:30:00,2025-01-09 13:31:00,6952.929919639823,2025-01-09 15:00:00,6975.3216104318,0.0032204683566170456,0.0032204683566170456
2025-01-09,PX,PR,聚酯产业链,2025-01-09 11:30:00,2025-01-09 13:31:00,6238.319366270584,2025-01-09 15:00:00,6271.6256112723,0.005338977222262287,0.005338977222262287
2025-01-09,PX,TA,聚酯产业链,2025-01-09 11:30:00,2025-01-09 13:31:00,5026.942946356141,2025-01-09 15:00:00,5057.1303014093,0.00600511192891906,0.00600511192891906
2025-01-13,TA,PF,聚酯产业链,2025-01-13 09:59:00,2025-01-13 10:00:00,7087.020398192257,2025-01-13 15:00:00,7079.8344080984,-0.0010139649232122627,-0.0010139649232122627
2025-01-13,TA,PR,聚酯产业链,2025-01-13 09:59:00,2025-01-13 10:00:00,6404.128954047809,2025-01-13 15:00:00,6403.4390778534,-0.00010772365755895574,-0.00010772365755895574
2025-01-13,TA,PX,聚酯产业链,2025-01-13 09:59:00,2025-01-13 10:00:00,7428.085873434844,2025-01-13 15:00:00,7402.7527937611,-0.003410445181354582,-0.003410445181354582
2025-01-13,LU,SC,能源油品,2025-01-13 09:59:00,2025-01-13 10:00:00,616.1688382856316,2025-01-13 15:00:00,616.8971054147,0.0011819278805054179,0.0011819278805054179
2025-01-13,PR,TA,聚酯产业链,2025-01-13 11:30:00,2025-01-13 13:31:00,5168.122233951833,2025-01-13 15:00:00,5157.1165528074,-0.0021295318969298815,-0.0021295318969298815
2025-02-05,M,B,油脂油料,2025-02-05 13:59:00,2025-02-05 14:00:00,3648.963276519616,2025-02-05 15:00:00,3659.0876014339,0.0027745757211183886,0.0027745757211183886
2025-02-05,M,RM,油脂油料,2025-02-05 13:59:00,2025-02-05 14:00:00,2563.847461988361,2025-02-05 15:00:00,2558.3178948838,-0.0021567457450345495,-0.0021567457450345495
2025-02-12,RU,NR,橡胶,2025-02-12 14:59:00,2025-02-12 15:00:00,15130.16802027917,2025-02-12 15:00:00,15120.7005987025,-0.0006257314237343437,-0.0006257314237343437
2025-03-14,AU,AG,贵金属,2025-03-14 09:59:00,2025-03-14 10:00:00,8381.805028888471,2025-03-14 15:00:00,8387.3649879354,0.0006633367189723405,0.0006633367189723405
2025-03-14,AG,AU,贵金属,2025-03-13 23:59:00,2025-03-14 00:00:00,695.0961434962853,2025-03-14 15:00:00,697.1346214262,0.0029326560778504263,0.0029326560778504263
2025-03-14,IF,IM,金融期货,2025-03-14 13:59:00,2025-03-14 14:00:00,6432.1768543204,2025-03-14 15:00:00,6442.7019505874,0.0016363194771191747,0.0016363194771191747
2025-04-01,SC,FU,能源油品,2025-04-01 09:59:00,2025-04-01 10:00:00,3223.83166124651,2025-04-01 15:00:00,3233.4781133314,0.002992231945870394,0.002992231945870394
2025-04-01,SC,LU,能源油品,2025-04-01 09:59:00,2025-04-01 10:00:00,3757.823966514197,2025-04-01 15:00:00,3773.1074927352,0.004067121386524208,0.004067121386524208
2025-04-08,M,B,油脂油料,2025-04-08 14:59:00,2025-04-08 15:00:00,3609.694629665094,2025-04-08 15:00:00,3610.6962139545,0.0002774706428556595,0.0002774706428556595
2025-04-28,C,CS,谷物淀粉,2025-04-28 13:59:00,2025-04-28 14:00:00,2736.573656539103,2025-04-28 15:00:00,2726.6600934241,-0.0036226187777969043,-0.0036226187777969043
2025-05-12,CF,CY,软商品纺织,2025-05-12 09:59:00,2025-05-12 10:00:00,19521.022257819743,2025-05-12 15:00:00,19602.2959033922,0.004163390856229521,0.004163390856229521
2025-05-14,EG,PF,聚酯产业链,2025-05-14 11:30:00,2025-05-14 13:31:00,6598.639493670885,2025-05-14 15:00:00,6610.1383907801,0.0017426163560299024,0.0017426163560299024
2025-05-14,EG,PR,聚酯产业链,2025-05-14 11:30:00,2025-05-14 13:31:00,6177.699132324024,2025-05-14 15:00:00,6184.9771241378,0.001178107197823186,0.001178107197823186
2025-05-14,EG,PX,聚酯产业链,2025-05-14 11:30:00,2025-05-14 13:31:00,6899.444672862506,2025-05-14 15:00:00,6904.6636539011,0.0007564349431079531,0.0007564349431079531
2025-05-14,EG,TA,聚酯产业链,2025-05-14 11:30:00,2025-05-14 13:31:00,4864.362494516153,2025-05-14 15:00:00,4877.5881356451,0.0027188847755192924,0.0027188847755192924
2025-06-06,M,B,油脂油料,2025-06-06 13:59:00,2025-06-06 14:00:00,3578.7120466063625,2025-06-06 15:00:00,3584.7715224572,0.001693200171436926,0.001693200171436926
2025-06-06,M,RM,油脂油料,2025-06-06 13:59:00,2025-06-06 14:00:00,2532.2769958306185,2025-06-06 15:00:00,2539.6538560551,0.0029131332143470523,0.0029131332143470523
2025-06-13,FU,BU,能源油品,2025-06-13 09:59:00,2025-06-13 10:00:00,3644.1909949657793,2025-06-13 15:00:00,3602.6137638605,-0.01140918002451452,-0.01140918002451452
2025-06-13,FU,LU,能源油品,2025-06-13 09:59:00,2025-06-13 10:00:00,3846.783269813805,2025-06-13 15:00:00,3808.7387840671,-0.00988994780268615,-0.00988994780268615
2025-06-13,FU,SC,能源油品,2025-06-13 09:59:00,2025-06-13 10:00:00,528.6830580723405,2025-06-13 15:00:00,521.2485661425,-0.014062285175068467,-0.014062285175068467
2025-06-18,PX,PF,聚酯产业链,2025-06-18 10:59:00,2025-06-18 11:00:00,6672.79300979397,2025-06-18 15:00:00,6646.6617238248,-0.003916094194861941,-0.003916094194861941
2025-06-18,PX,PR,聚酯产业链,2025-06-18 10:59:00,2025-06-18 11:00:00,6150.54303870595,2025-06-18 15:00:00,6130.2763502884,-0.0032951055362119286,-0.0032951055362119286
2025-06-18,PX,TA,聚酯产业链,2025-06-18 10:59:00,2025-06-18 11:00:00,4908.982474587369,2025-06-18 15:00:00,4882.4472109366,-0.005405450882771778,-0.005405450882771778
2025-07-02,HC,RB,黑色钢矿,2025-07-02 13:59:00,2025-07-02 14:00:00,3048.987534613655,2025-07-02 15:00:00,3063.8918454607,0.004888281987985854,0.004888281987985854
2025-07-10,SF,SM,铁合金,2025-07-10 10:59:00,2025-07-10 11:00:00,5814.114376262887,2025-07-10 15:00:00,5816.2964102094,0.00037529945324465963,0.00037529945324465963
2025-07-16,CF,CY,软商品纺织,2025-07-16 14:59:00,2025-07-16 15:00:00,20184.65288611545,2025-07-16 15:00:00,20179.6814060062,-0.0002463000051228237,-0.0002463000051228237
2025-07-17,CF,CY,软商品纺织,2025-07-16 22:59:00,2025-07-16 23:00:00,20339.34219413354,2025-07-17 15:00:00,20428.591939796,0.004388035011682945,0.004388035011682945
2025-07-21,RB,HC,黑色钢矿,2025-07-21 14:59:00,2025-07-21 15:00:00,3397.177921923941,2025-07-21 15:00:00,3397.2983610021,3.5452684824521796e-05,3.5452684824521796e-05
2025-07-21,HC,I,黑色钢矿,2025-07-18 22:59:00,2025-07-18 23:00:00,791.6396991749785,2025-07-21 15:00:00,797.4412840804,0.007328567417055565,0.007328567417055565
2025-07-21,HC,RB,黑色钢矿,2025-07-18 22:59:00,2025-07-18 23:00:00,3199.245505108883,2025-07-21 15:00:00,3229.8965068948,0.009580696991515758,0.009580696991515758
2025-07-21,SM,SF,铁合金,2025-07-21 14:59:00,2025-07-21 15:00:00,5706.471286332604,2025-07-21 15:00:00,5706.0855468561,-6.759684876145311e-05,-6.759684876145311e-05
2025-07-21,SF,SM,铁合金,2025-07-21 11:30:00,2025-07-21 13:31:00,5931.724066718269,2025-07-21 15:00:00,5930.3505321595,-0.0002315573926432446,-0.0002315573926432446
2025-07-24,NR,RU,橡胶,2025-07-24 13:59:00,2025-07-24 14:00:00,15527.75049083225,2025-07-24 15:00:00,15517.3916260363,-0.0006671194776129985,-0.0006671194776129985
2025-07-25,EG,PF,聚酯产业链,2025-07-24 22:59:00,2025-07-24 23:00:00,6584.604906685558,2025-07-25 15:00:00,6639.6077627754,0.008353250782593857,0.008353250782593857
2025-07-25,EG,PR,聚酯产业链,2025-07-24 22:59:00,2025-07-24 23:00:00,6098.204304900827,2025-07-25 15:00:00,6130.066419874,0.005224835604075606,0.005224835604075606
2025-07-25,TA,PX,聚酯产业链,2025-07-25 14:59:00,2025-07-25 15:00:00,7027.306691817392,2025-07-25 15:00:00,7027.4478680195,2.008965999333867e-05,2.008965999333867e-05
2025-07-25,SM,SF,铁合金,2025-07-25 11:30:00,2025-07-25 13:31:00,6072.099123873482,2025-07-25 15:00:00,6227.7202775157,0.02562888886816217,0.02562888886816217
2025-08-11,SS,HC,黑色钢矿,2025-08-11 10:59:00,2025-08-11 11:00:00,3450.488072757121,2025-08-11 15:00:00,3463.0743232901,0.0036476725227228,0.0036476725227228
2025-08-11,SS,RB,黑色钢矿,2025-08-11 10:59:00,2025-08-11 11:00:00,3265.463147623092,2025-08-11 15:00:00,3274.224108268,0.0026829151789034,0.0026829151789034
2025-08-13,RM,M,油脂油料,2025-08-12 21:59:00,2025-08-12 22:00:00,3018.400259019153,2025-08-13 15:00:00,3077.0786073631,0.019440214454200744,0.019440214454200744
2025-08-29,CF,CY,软商品纺织,2025-08-28 21:59:00,2025-08-28 22:00:00,20255.61655808041,2025-08-29 15:00:00,20153.6413280044,-0.005034417480386799,-0.005034417480386799
2025-09-03,AU,AG,贵金属,2025-09-03 14:59:00,2025-09-03 15:00:00,9850.359972456064,2025-09-03 15:00:00,9845.9274880024,-0.0004499819769082647,-0.0004499819769082647
2025-09-05,NR,BR,橡胶,2025-09-05 13:59:00,2025-09-05 14:00:00,12144.382659019991,2025-09-05 15:00:00,12199.4385616683,0.004533445972028538,0.004533445972028538
2025-09-05,RU,NR,橡胶,2025-09-05 14:59:00,2025-09-05 15:00:00,13160.81761766602,2025-09-05 15:00:00,13139.01548732,-0.0016565939122774598,-0.0016565939122774598
2025-09-05,NR,RU,橡胶,2025-09-05 13:59:00,2025-09-05 14:00:00,16190.921880604665,2025-09-05 15:00:00,16257.0161797684,0.004082182574354221,0.004082182574354221
2025-09-24,FU,BU,能源油品,2025-09-23 21:59:00,2025-09-23 22:00:00,3369.9644599750104,2025-09-24 15:00:00,3360.475108858,-0.002815860888064292,-0.002815860888064292
2025-09-24,FU,LU,能源油品,2025-09-23 21:59:00,2025-09-23 22:00:00,3388.7268941203383,2025-09-24 15:00:00,3378.4675663819,-0.00302748733048952,-0.00302748733048952
2025-09-24,FU,SC,能源油品,2025-09-23 21:59:00,2025-09-23 22:00:00,482.1834209431608,2025-09-24 15:00:00,482.0858715097,-0.00020230773026164162,-0.00020230773026164162
2025-11-03,RM,B,油脂油料,2025-11-03 09:59:00,2025-11-03 10:00:00,3727.045849789391,2025-11-03 15:00:00,3716.5931167927,-0.0028045624921092527,-0.0028045624921092527
2025-11-03,AL,CU,有色基本金属,2025-11-03 14:59:00,2025-11-03 15:00:00,87287.39900149348,2025-11-03 15:00:00,87307.5017196501,0.00023030492816356052,0.00023030492816356052
2025-11-03,RM,M,油脂油料,2025-11-03 09:59:00,2025-11-03 10:00:00,2961.5290258501054,2025-11-03 15:00:00,2945.9076721584,-0.0052747596107795,-0.0052747596107795
2025-11-03,AL,NI,有色基本金属,2025-11-03 14:59:00,2025-11-03 15:00:00,121105.59630946723,2025-11-03 15:00:00,121108.6120704043,2.4901912289543304e-05,2.4901912289543304e-05
2025-11-03,AL,SN,有色基本金属,2025-11-03 14:59:00,2025-11-03 15:00:00,285766.1172970793,2025-11-03 15:00:00,285805.6584233426,0.00013836884035556274,0.00013836884035556274
2025-11-06,PX,PF,聚酯产业链,2025-11-06 14:59:00,2025-11-06 15:00:00,6269.001606425702,2025-11-06 15:00:00,6267.1444085284,-0.00029625098443086806,-0.00029625098443086806
2025-11-06,PX,PR,聚酯产业链,2025-11-06 14:59:00,2025-11-06 15:00:00,5752.230050323507,2025-11-06 15:00:00,5750.9268811407,-0.00022655025466755685,-0.00022655025466755685
2025-11-06,PX,TA,聚酯产业链,2025-11-06 14:59:00,2025-11-06 15:00:00,4700.674015446657,2025-11-06 15:00:00,4697.4514901447,-0.000685545368891205,-0.000685545368891205
2025-11-21,CS,C,谷物淀粉,2025-11-21 14:59:00,2025-11-21 15:00:00,2211.136214109441,2025-11-21 15:00:00,2210.9007911376,-0.00010647149204945361,-0.00010647149204945361
2025-12-01,AG,AU,贵金属,2025-12-01 09:59:00,2025-12-01 10:00:00,968.3546706490764,2025-12-01 15:00:00,964.3538578733,-0.004131557266197516,-0.004131557266197516
2025-12-04,CU,AL,有色基本金属,2025-12-04 09:59:00,2025-12-04 10:00:00,22149.94228454128,2025-12-04 15:00:00,22101.1079805901,-0.002204714726740553,-0.002204714726740553
2025-12-19,TA,PF,聚酯产业链,2025-12-19 10:59:00,2025-12-19 11:00:00,6252.454721001258,2025-12-19 15:00:00,6291.4089810234,0.006230234645490329,0.006230234645490329
2025-12-19,TA,PR,聚酯产业链,2025-12-19 10:59:00,2025-12-19 11:00:00,5752.537589271112,2025-12-19 15:00:00,5768.6837871203,0.002806795713825805,0.002806795713825805
2025-12-19,TA,PX,聚酯产业链,2025-12-19 10:59:00,2025-12-19 11:00:00,7010.673358865696,2025-12-19 15:00:00,7055.20912276,0.006352565811382993,0.006352565811382993
2025-12-22,TA,PF,聚酯产业链,2025-12-22 14:59:00,2025-12-22 15:00:00,6433.453405338388,2025-12-22 15:00:00,6430.8046982106,-0.0004117084497091694,-0.0004117084497091694
2025-12-22,TA,PR,聚酯产业链,2025-12-22 14:59:00,2025-12-22 15:00:00,5899.374525613494,2025-12-22 15:00:00,5899.8418216442,7.921111444542106e-05,7.921111444542106e-05
2025-12-22,TA,PX,聚酯产业链,2025-12-22 14:59:00,2025-12-22 15:00:00,7250.761462675257,2025-12-22 15:00:00,7241.9443560271,-0.0012160249228365672,-0.0012160249228365672
2025-12-24,RU,NR,橡胶,2025-12-24 14:59:00,2025-12-24 15:00:00,12657.496636203192,2025-12-24 15:00:00,12627.7099970294,-0.002353280433715077,-0.002353280433715077
2025-12-29,AL,CU,有色基本金属,2025-12-29 10:59:00,2025-12-29 11:00:00,101546.17179838594,2025-12-29 15:00:00,98872.8898425878,-0.026325777805841777,-0.026325777805841777
2025-12-30,SM,SF,铁合金,2025-12-30 11:30:00,2025-12-30 13:31:00,5760.711955176008,2025-12-30 15:00:00,5731.1874320049,-0.005125151786938398,-0.005125151786938398
2026-01-06,MA,FG,煤化工建材,2026-01-06 14:59:00,2026-01-06 15:00:00,1087.6694277566771,2026-01-06 15:00:00,1088.660026812,0.0009107537915873376,0.0009107537915873376
2026-01-06,SF,SM,铁合金,2026-01-06 13:59:00,2026-01-06 14:00:00,5931.584143047285,2026-01-06 15:00:00,5925.0638638903,-0.0010992475196743845,-0.0010992475196743845
2026-01-07,RB,HC,黑色钢矿,2026-01-07 11:30:00,2026-01-07 13:31:00,3306.78923649229,2026-01-07 15:00:00,3330.9649789009,0.007310941423728234,0.007310941423728234
2026-01-14,NR,RU,橡胶,2026-01-14 10:59:00,2026-01-14 11:00:00,16430.55534913871,2026-01-14 15:00:00,16155.7742886664,-0.016723784110359685,-0.016723784110359685
2026-01-22,PR,PF,聚酯产业链,2026-01-22 13:59:00,2026-01-22 14:00:00,6647.554434070362,2026-01-22 15:00:00,6659.0306072388,0.001726375207944164,0.001726375207944164
2026-01-22,PR,PX,聚酯产业链,2026-01-22 13:59:00,2026-01-22 14:00:00,7442.219294234296,2026-01-22 15:00:00,7433.9704656622,-0.0011083828957427766,-0.0011083828957427766
2026-01-22,PR,TA,聚酯产业链,2026-01-22 13:59:00,2026-01-22 14:00:00,5289.732951473296,2026-01-22 15:00:00,5290.731912174,0.00018884898535853623,0.00018884898535853623
2026-01-28,AL,CU,有色基本金属,2026-01-28 11:30:00,2026-01-28 13:31:00,103342.45637659806,2026-01-28 15:00:00,103234.4191332465,-0.001045429411488441,-0.001045429411488441
2026-01-30,SC,LU,能源油品,2026-01-29 22:59:00,2026-01-29 23:00:00,3391.1649765095485,2026-01-30 15:00:00,3270.7882448022,-0.03549716175449813,-0.03549716175449813
2026-02-11,C,CS,谷物淀粉,2026-02-11 11:30:00,2026-02-11 13:31:00,2605.856967016688,2026-02-11 15:00:00,2616.5315154982,0.004096367765623166,0.004096367765623166
2026-02-24,NR,BR,橡胶,2026-02-24 11:30:00,2026-02-24 13:31:00,13187.73257664156,2026-02-24 15:00:00,13151.8447032886,-0.002721307331976508,-0.002721307331976508
2026-02-24,CS,C,谷物淀粉,2026-02-24 13:59:00,2026-02-24 14:00:00,2332.361482409739,2026-02-24 15:00:00,2332.162007718,-8.55247753160926e-05,-8.55247753160926e-05
2026-02-24,C,CS,谷物淀粉,2026-02-24 10:59:00,2026-02-24 11:00:00,2663.28451971421,2026-02-24 15:00:00,2655.0674870897,-0.0030853003363650044,-0.0030853003363650044
2026-02-24,CF,CY,软商品纺织,2026-02-24 09:59:00,2026-02-24 10:00:00,20932.232528204742,2026-02-24 15:00:00,21243.8102194983,0.014885067365543847,0.014885067365543847
2026-02-24,RU,NR,橡胶,2026-02-24 10:59:00,2026-02-24 11:00:00,13823.892760435294,2026-02-24 15:00:00,13803.3462258774,-0.0014863059858725158,-0.0014863059858725158
2026-02-24,NR,RU,橡胶,2026-02-24 11:30:00,2026-02-24 13:31:00,17064.032407726405,2026-02-24 15:00:00,16985.6717215747,-0.004592155258461794,-0.004592155258461794
2026-02-25,M,B,油脂油料,2026-02-25 10:59:00,2026-02-25 11:00:00,3612.647941848079,2026-02-25 15:00:00,3598.2215694396,-0.003993295953742759,-0.003993295953742759
2026-02-25,M,RM,油脂油料,2026-02-25 10:59:00,2026-02-25 11:00:00,2326.031493364155,2026-02-25 15:00:00,2319.4876928796,-0.002813289718227474,-0.002813289718227474
2026-03-02,SC,BU,能源油品,2026-03-02 13:59:00,2026-03-02 14:00:00,3536.307098961285,2026-03-02 15:00:00,3542.0704268551,0.0016297588791165385,0.0016297588791165385
2026-03-02,PX,EG,聚酯产业链,2026-03-02 13:59:00,2026-03-02 14:00:00,3897.175256865844,2026-03-02 15:00:00,3931.9466460175,0.008922203098358894,0.008922203098358894
2026-03-02,SC,FU,能源油品,2026-03-02 13:59:00,2026-03-02 14:00:00,3148.4660290624133,2026-03-02 15:00:00,3147.9910400459,-0.00015086363077421172,-0.00015086363077421172
2026-03-02,FU,LU,能源油品,2026-03-02 09:59:00,2026-03-02 10:00:00,3711.942732404727,2026-03-02 15:00:00,3750.7241912541,0.010447752469566973,0.010447752469566973
2026-03-02,PX,PF,聚酯产业链,2026-03-02 13:59:00,2026-03-02 14:00:00,6924.237463850671,2026-03-02 15:00:00,7002.1120525608,0.011246666382643378,0.011246666382643378
2026-03-02,FU,PG,能源油品,2026-03-02 09:59:00,2026-03-02 10:00:00,4651.002116649271,2026-03-02 15:00:00,4739.7642889524,0.01908452631861568,0.01908452631861568
2026-03-02,PX,PR,聚酯产业链,2026-03-02 13:59:00,2026-03-02 14:00:00,6420.605673052997,2026-03-02 15:00:00,6519.8927082048,0.01546381139220343,0.01546381139220343
2026-03-02,FU,SC,能源油品,2026-03-02 09:59:00,2026-03-02 10:00:00,521.1401739332321,2026-03-02 15:00:00,527.3646727759,0.011944001161317885,0.011944001161317885
2026-03-02,PX,TA,聚酯产业链,2026-03-02 13:59:00,2026-03-02 14:00:00,5473.559372626555,2026-03-02 15:00:00,5547.5205268635,0.013512442124374635,0.013512442124374635
2026-03-03,PG,BU,能源油品,2026-03-03 09:59:00,2026-03-03 10:00:00,3559.7364319839207,2026-03-03 15:00:00,3645.5392432657,0.02410369782179611,0.02410369782179611
2026-03-03,PG,FU,能源油品,2026-03-03 09:59:00,2026-03-03 10:00:00,3374.2098579159765,2026-03-03 15:00:00,3431.6032629889,0.017009435538894335,0.017009435538894335
2026-03-03,PG,LU,能源油品,2026-03-03 09:59:00,2026-03-03 10:00:00,3909.680475073033,2026-03-03 15:00:00,4089.5774595121,0.04601321913287726,0.04601321913287726
2026-03-03,FU,PG,能源油品,2026-03-03 10:59:00,2026-03-03 11:00:00,5028.639581108723,2026-03-03 15:00:00,5062.8715026236,0.006807392131159329,0.006807392131159329
2026-03-03,PG,SC,能源油品,2026-03-03 09:59:00,2026-03-03 10:00:00,558.091258795664,2026-03-03 15:00:00,567.3804001773,0.016644484634433354,0.016644484634433354
2026-03-05,PX,EG,聚酯产业链,2026-03-05 10:59:00,2026-03-05 11:00:00,4169.743168287291,2026-03-05 15:00:00,4175.9038882051,0.001477481866188679,0.001477481866188679
2026-03-05,EB,L,烯烃塑料,2026-03-05 13:59:00,2026-03-05 14:00:00,7535.10747509352,2026-03-05 15:00:00,7358.6545110997,-0.023417444884106353,-0.023417444884106353
2026-03-05,PX,PF,聚酯产业链,2026-03-05 10:59:00,2026-03-05 11:00:00,7321.916974245688,2026-03-05 15:00:00,7258.5298573408,-0.008657175044164966,-0.008657175044164966
2026-03-05,EB,PL,烯烃塑料,2026-03-05 13:59:00,2026-03-05 14:00:00,7280.892590682482,2026-03-05 15:00:00,7020.712054451,-0.035734703264877266,-0.035734703264877266
2026-03-05,EB,PP,烯烃塑料,2026-03-05 13:59:00,2026-03-05 14:00:00,7573.199824747287,2026-03-05 15:00:00,7375.3248882194,-0.026128313144634263,-0.026128313144634263
2026-03-05,PX,PR,聚酯产业链,2026-03-05 10:59:00,2026-03-05 11:00:00,6859.562109129799,2026-03-05 15:00:00,6790.2956920347,-0.010097789916197253,-0.010097789916197253
2026-03-05,PX,TA,聚酯产业链,2026-03-05 10:59:00,2026-03-05 11:00:00,5884.8525069024645,2026-03-05 15:00:00,5783.276941384,-0.01726051169495324,-0.01726051169495324
2026-03-06,M,B,油脂油料,2026-03-06 09:59:00,2026-03-06 10:00:00,3681.824334001374,2026-03-06 15:00:00,3679.3104054455,-0.0006827942693132805,-0.0006827942693132805
2026-03-06,EG,PF,聚酯产业链,2026-03-06 13:59:00,2026-03-06 14:00:00,7443.26631176177,2026-03-06 15:00:00,7497.2737192291,0.007255874666473705,0.007255874666473705
2026-03-06,EG,PR,聚酯产业链,2026-03-06 13:59:00,2026-03-06 14:00:00,6977.626245310676,2026-03-06 15:00:00,7038.9516288253,0.008788860474697735,0.008788860474697735
2026-03-06,EG,PX,聚酯产业链,2026-03-06 13:59:00,2026-03-06 14:00:00,8509.053013795185,2026-03-06 15:00:00,8546.9283558323,0.004451181814910665,0.004451181814910665
2026-03-06,M,RM,油脂油料,2026-03-06 09:59:00,2026-03-06 10:00:00,2378.667305577909,2026-03-06 15:00:00,2377.6023715563,-0.00044770196282239993,-0.00044770196282239993
2026-03-06,EG,TA,聚酯产业链,2026-03-06 13:59:00,2026-03-06 14:00:00,5957.565263603265,2026-03-06 15:00:00,6024.4851301222,0.011232754247405552,0.011232754247405552
2026-03-09,SC,FU,能源油品,2026-03-06 22:59:00,2026-03-06 23:00:00,4240.530443224016,2026-03-09 15:00:00,4290.0457604378,0.011676680046691867,0.011676680046691867
2026-03-09,J,JM,煤焦,2026-03-09 09:59:00,2026-03-09 10:00:00,1222.373164635803,2026-03-09 15:00:00,1190.3949489053,-0.026160763877723592,-0.026160763877723592
2026-03-09,SC,LU,能源油品,2026-03-06 22:59:00,2026-03-06 23:00:00,4904.191809930925,2026-03-09 15:00:00,4911.7543594638,0.0015420582689202877,0.0015420582689202877
2026-03-09,SC,PG,能源油品,2026-03-06 22:59:00,2026-03-06 23:00:00,5383.960539343642,2026-03-09 15:00:00,5497.0766277849,0.02100982865952572,0.02100982865952572
2026-03-12,PX,EG,聚酯产业链,2026-03-11 21:59:00,2026-03-11 22:00:00,4686.111701988317,2026-03-12 15:00:00,4626.3454183217,-0.012753917846486273,-0.012753917846486273
2026-03-12,PX,PF,聚酯产业链,2026-03-11 21:59:00,2026-03-11 22:00:00,8205.114142692533,2026-03-12 15:00:00,8329.615960119,0.015173685004412407,0.015173685004412407
2026-03-12,PX,PR,聚酯产业链,2026-03-11 21:59:00,2026-03-11 22:00:00,8039.18014108878,2026-03-12 15:00:00,8156.764195659,0.014626373897163925,0.014626373897163925
2026-03-12,PX,TA,聚酯产业链,2026-03-11 21:59:00,2026-03-11 22:00:00,6832.1934349749,2026-03-12 15:00:00,6898.1868457247,0.009659183595706056,0.009659183595706056
2026-03-16,PR,EG,聚酯产业链,2026-03-16 09:59:00,2026-03-16 10:00:00,4971.854841848956,2026-03-16 15:00:00,4877.9700643428,-0.01888324991226864,-0.01888324991226864
2026-03-16,PR,PF,聚酯产业链,2026-03-16 09:59:00,2026-03-16 10:00:00,8528.405050331343,2026-03-16 15:00:00,8356.5480826673,-0.020151126341890424,-0.020151126341890424
2026-03-16,BU,PG,能源油品,2026-03-16 09:59:00,2026-03-16 10:00:00,5726.829121755977,2026-03-16 15:00:00,5708.6472236728,-0.0031748630344330397,-0.0031748630344330397
2026-03-16,PR,PX,聚酯产业链,2026-03-16 09:59:00,2026-03-16 10:00:00,10336.276565560474,2026-03-16 15:00:00,9967.0939422307,-0.035717177359578134,-0.035717177359578134
2026-03-16,BU,SC,能源油品,2026-03-16 09:59:00,2026-03-16 10:00:00,763.2581425757369,2026-03-16 15:00:00,748.9588459169,-0.018734548459033218,-0.018734548459033218
2026-03-16,PR,TA,聚酯产业链,2026-03-16 09:59:00,2026-03-16 10:00:00,7092.973883630851,2026-03-16 15:00:00,6900.1868953076,-0.027179994102073834,-0.027179994102073834
2026-03-19,PG,BU,能源油品,2026-03-18 22:59:00,2026-03-18 23:00:00,4620.440066770714,2026-03-19 15:00:00,4596.3535837471,-0.00521302790979572,-0.00521302790979572
2026-03-19,PG,FU,能源油品,2026-03-18 22:59:00,2026-03-18 23:00:00,4736.293536283616,2026-03-19 15:00:00,4796.7337081538,0.01276106968606694,0.01276106968606694
2026-03-19,PG,LU,能源油品,2026-03-18 22:59:00,2026-03-18 23:00:00,5912.24539140355,2026-03-19 15:00:00,5979.104081224,0.011308510624011614,0.011308510624011614
2026-03-19,PG,SC,能源油品,2026-03-18 22:59:00,2026-03-18 23:00:00,793.5114290427681,2026-03-19 15:00:00,794.4841495515,0.001225843098322299,0.001225843098322299
2026-03-23,JM,J,煤焦,2026-03-20 21:59:00,2026-03-20 22:00:00,1821.2758678423927,2026-03-23 15:00:00,1867.841554938,0.025567618787357027,0.025567618787357027
2026-03-23,PP,L,烯烃塑料,2026-03-23 13:59:00,2026-03-23 14:00:00,9397.66140593589,2026-03-23 15:00:00,9444.2216622947,0.004954451362697565,0.004954451362697565
2026-03-23,PP,PL,烯烃塑料,2026-03-23 13:59:00,2026-03-23 14:00:00,9446.786033807057,2026-03-23 15:00:00,9684.3337445775,0.02514587605989327,0.02514587605989327
2026-04-20,HC,RB,黑色钢矿,2026-04-20 13:59:00,2026-04-20 14:00:00,3152.252627295715,2026-04-20 15:00:00,3163.2755804518,0.003496849542018454,0.003496849542018454
